{"heft": {"Max": 1075.8508802147994, "Min": 325.6702651665541, "Avr": 512.2872309303289}, "cloud_heft": {"Max": 310.7124623757549, "Min": 188.849, "Avr": 236.52571030342997}, "profit_by_avr": 53.829473775113954, "wf_name": "CyberShake_30"}