{"heft": {"Max": 593.177633943341, "Avr": 470.66074193208107, "Min": 410.49866666666674}, "wf_name": "CyberShake_50", "cloud_heft": {"Max": 545.9902133333331, "Avr": 384.7800320197077, "Min": 283.7106666666667}, "profit_by_avr": 18.24683944529337}