{"wf_name": "CyberShake_30", "profit_by_avr": 18.478983637778867, "heft": {"Avr": 245.39864946034197, "Min": 228.4413333333333, "Max": 343.13466666666665}, "cloud_heft": {"Avr": 200.05147317923505, "Min": 177.987, "Max": 228.888}}