{"profit_by_avr": 7.976544098344807, "cloud_heft": {"Avr": 302.63240121856796, "Max": 472.37663774754435, "Min": 203.4231333333333}, "heft": {"Avr": 328.86441641790657, "Max": 553.5055690838109, "Min": 228.4413333333333}, "wf_name": "CyberShake_30"}