{"heft": {"Min": 442.1133333333334, "Max": 728.5458474489694, "Avr": 572.2238357245827}, "wf_name": "CyberShake_50", "profit_by_avr": 14.712761193346102, "cloud_heft": {"Min": 346.61260016209025, "Max": 793.7411800757254, "Avr": 488.03390928301974}}