{"wf_name": "CyberShake_50", "heft": {"Min": 410.45866666666666, "Max": 586.3641831724617, "Avr": 471.9248465744937}, "profit_by_avr": 27.58278058959992, "cloud_heft": {"Min": 243.46695639573707, "Max": 544.8279278136393, "Avr": 341.75485159604506}}