{"heft": {"Max": 1355.820295628519, "Avr": 654.7168630718179, "Min": 379.2550160776182}, "profit_by_avr": 57.69193669398342, "wf_name": "CyberShake_30", "cloud_heft": {"Max": 477.32533074316194, "Avr": 276.99802490359053, "Min": 202.54784684618966}}