{"heft": {"Max": 991.8342479725922, "Avr": 882.1044851249396, "Min": 810.6586666666665}, "profit_by_avr": 12.770049476313073, "wf_name": "CyberShake_100", "cloud_heft": {"Max": 903.0048513274713, "Avr": 769.4593059417082, "Min": 655.1588945965796}}