{"wf_name": "CyberShake_30", "heft": {"Min": 228.4413333333333, "Max": 395.0734204534813, "Avr": 266.9075932073588}, "profit_by_avr": 19.57405056147171, "cloud_heft": {"Min": 151.9805, "Max": 487.71866812584915, "Avr": 214.66296596054315}}