{"profit_by_avr": 31.294058642576672, "cloud_heft": {"Min": 225.9982571428571, "Avr": 299.5295253088927, "Max": 387.46244984446304}, "wf_name": "CyberShake_50", "heft": {"Min": 410.45866666666666, "Avr": 435.95869497031504, "Max": 506.1364179875617}}