{"profit_by_avr": 14.53430005107107, "wf_name": "CyberShake_50", "cloud_heft": {"Avr": 375.9543241074771, "Min": 317.985199586838, "Max": 519.5521668301798}, "heft": {"Avr": 439.88913017986533, "Min": 410.45866666666666, "Max": 500.4652545181723}}