{"profit_by_avr": 9.441632099188146, "heft": {"Min": 286.6136066469833, "Avr": 413.6776918532773, "Max": 730.5420601356045}, "wf_name": "CyberShake_30", "cloud_heft": {"Min": 237.64076268591063, "Avr": 374.6197661120776, "Max": 605.6675444587703}}