{"profit_by_avr": 32.6966355829455, "wf_name": "CyberShake_30", "cloud_heft": {"Avr": 214.80726820194252, "Min": 180.56394573001037, "Max": 313.4798272508462}, "heft": {"Avr": 319.1627492362193, "Min": 233.06266666666664, "Max": 562.0950237116488}}