{"profit_by_avr": 12.756561745274198, "wf_name": "CyberShake_50", "heft": {"Max": 594.26, "Avr": 469.9352040556595, "Min": 410.45866666666666}, "cloud_heft": {"Max": 575.3953411403759, "Avr": 409.987629587519, "Min": 294.8218796784383}}