{"wf_name": "CyberShake_30", "profit_by_avr": 0.5366065996104563, "cloud_heft": {"Avr": 399.35376546656994, "Min": 228.11586666666662, "Max": 646.2839104945556}, "heft": {"Avr": 401.50828542413865, "Min": 248.98799999999997, "Max": 659.9617510155074}}