{"heft": {"Max": 612.0794594512696, "Avr": 361.62110203279684, "Min": 234.47333333333327}, "profit_by_avr": 39.784369926164466, "wf_name": "CyberShake_30", "cloud_heft": {"Max": 408.6343601516191, "Avr": 217.7524250689963, "Min": 183.53538619548692}}{"heft": {"Max": 910.1817858898277, "Avr": 631.7323109686462, "Min": 432.11999999999995}, "profit_by_avr": 44.149843037182215, "wf_name": "CyberShake_50", "cloud_heft": {"Max": 497.19335048563255, "Avr": 352.82348726082506, "Min": 287.3233709080673}}{"heft": {"Max": 1549.953409749237, "Avr": 1277.4663510917744, "Min": 1051.0809757183397}, "profit_by_avr": 43.02115341260973, "wf_name": "CyberShake_100", "cloud_heft": {"Max": 917.0471473060794, "Avr": 727.8855923941146, "Min": 607.0805705230742}}{"heft": {"Max": 288.20946221843803, "Avr": 162.474577447256, "Min": 83.25200000000001}, "profit_by_avr": 41.93447088225075, "wf_name": "Montage_25", "cloud_heft": {"Max": 135.52921863566388, "Avr": 94.34172307657649, "Min": 68.87866666666667}}{"heft": {"Max": 520.1306112347465, "Avr": 352.4386045054367, "Min": 223.29330558604292}, "profit_by_avr": 47.332808714512495, "wf_name": "Montage_50", "cloud_heft": {"Max": 257.2584139751095, "Avr": 185.61951399878112, "Min": 146.31353333333334}}{"heft": {"Max": 1008.0443258009299, "Avr": 707.0864668871328, "Min": 524.8622281342907}, "profit_by_avr": 45.19611853077912, "wf_name": "Montage_100", "cloud_heft": {"Max": 529.5891733673969, "Avr": 387.510829197726, "Min": 296.2762280509771}}{"heft": {"Max": 12404.28895008496, "Avr": 7795.138257666, "Min": 5861.986666666667}, "profit_by_avr": 38.125589705395754, "wf_name": "Epigenomics_24", "cloud_heft": {"Max": 7972.775483015603, "Avr": 4823.195828579926, "Min": 3472.202711351572}}{"heft": {"Max": 20212.47155801128, "Avr": 14762.452203792485, "Min": 11432.679153753717}, "profit_by_avr": 40.9801427768266, "wf_name": "Epigenomics_46", "cloud_heft": {"Max": 11054.941185553535, "Avr": 8712.77821331754, "Min": 5438.747322648836}}{"heft": {"Max": 162081.050033426, "Avr": 126741.37575664492, "Min": 109472.1912823414}, "profit_by_avr": 39.51791892416718, "wf_name": "Epigenomics_100", "cloud_heft": {"Max": 97821.55803725042, "Avr": 76655.8216417599, "Min": 60292.89376122565}}{"heft": {"Max": 3022.0804355037576, "Avr": 2388.3848077720586, "Min": 1919.9293333333337}, "profit_by_avr": 35.67284792464094, "wf_name": "Inspiral_30", "cloud_heft": {"Max": 2436.9203798117305, "Avr": 1536.3799274403043, "Min": 1190.5299333333332}}{"heft": {"Max": 4750.956343012648, "Avr": 3908.85813033087, "Min": 3354.3363431007474}, "profit_by_avr": 37.34835785704122, "wf_name": "Inspiral_50", "cloud_heft": {"Max": 3428.3253236443747, "Avr": 2448.963807690846, "Min": 2053.7674664985775}}{"heft": {"Max": 7643.2452098636095, "Avr": 6647.161410224051, "Min": 5790.682266363425}, "profit_by_avr": 39.871169701417955, "wf_name": "Inspiral_100", "cloud_heft": {"Max": 4921.487033108431, "Avr": 3996.860404026453, "Min": 3542.6563198054055}}{"heft": {"Max": 6336.161661766313, "Avr": 3612.331175263208, "Min": 2939.2822}, "profit_by_avr": 21.0521969127319, "wf_name": "Sipht_30", "cloud_heft": {"Max": 4976.121109113226, "Avr": 2851.8561031067948, "Min": 2547.65853}}{"heft": {"Max": 9524.44588968428, "Avr": 4618.632441321281, "Min": 3687.6201733333337}, "profit_by_avr": 29.099958954838012, "wf_name": "Sipht_60", "cloud_heft": {"Max": 4979.414209324814, "Avr": 3274.612296621955, "Min": 2625.8418859999992}}{"heft": {"Max": 10681.159516553496, "Avr": 6082.5058006901945, "Min": 5083.379800000001}, "profit_by_avr": 28.07869232618846, "wf_name": "Sipht_100", "cloud_heft": {"Max": 6025.299533522471, "Avr": 4374.617711191829, "Min": 3602.513628}}