{"profit_by_avr": 22.630734107106388, "cloud_heft": {"Min": 77711.95607579456, "Avr": 114778.64444553466, "Max": 163768.4520317017}, "wf_name": "Epigenomics_100", "heft": {"Min": 117325.94565340986, "Avr": 148351.73000662672, "Max": 188570.73687202323}}