{"wf_name": "CyberShake_100", "profit_by_avr": 27.18969272720613, "cloud_heft": {"Avr": 703.1538240585521, "Min": 551.337433784669, "Max": 892.9754736671015}, "heft": {"Avr": 965.7339055363263, "Min": 841.0119999999996, "Max": 1124.9605582277507}}