{"cloud_heft": {"Min": 176.83208646097538, "Avr": 316.28916614482955, "Max": 565.4923804473736}, "wf_name": "Montage_50", "heft": {"Min": 202.18256715198785, "Avr": 409.313939012771, "Max": 597.5187282255822}, "profit_by_avr": 22.726998521552666}