{"wf_name": "CyberShake_50", "profit_by_avr": 17.867364248051587, "heft": {"Avr": 744.2474828211732, "Min": 533.3866666666664, "Max": 1166.1665363726574}, "cloud_heft": {"Avr": 611.270074158559, "Min": 325.9054841652185, "Max": 1245.5643590010839}}