{"cloud_heft": {"Max": 19537.202450297238, "Avr": 6122.472683927507, "Min": 2146.12871416316}, "heft": {"Max": 11938.991408147283, "Avr": 7433.702603686475, "Min": 5153.14144}, "wf_name": "Sipht_100", "profit_by_avr": 17.638988128321298}