{"heft": {"Max": 766.8546526525943, "Min": 297.92963695053396, "Avr": 498.98185470900586}, "ga": {"Max": 1410.3365310289869, "Min": 433.0953409864951, "Avr": 755.4000551502728}, "profit_by_avr": 33.94468913432331, "wf_name": "CyberShake_30"}{"heft": {"Max": 1256.6231365674403, "Min": 630.3919424306375, "Avr": 893.1087682186661}, "ga": {"Max": 1884.641348928851, "Min": 912.3830500043468, "Avr": 1283.316170997649}, "profit_by_avr": 30.40617827449613, "wf_name": "CyberShake_50"}{"heft": {"Max": 2175.5830481205335, "Min": 1375.1294457156373, "Avr": 1785.7781824927051}, "ga": {"Max": 3422.222349525252, "Min": 1810.794795876293, "Avr": 2445.7388599832448}, "profit_by_avr": 26.984102362222796, "wf_name": "CyberShake_100"}{"heft": {"Max": 405.46789666171463, "Min": 151.55282333846964, "Avr": 261.99581988300065}, "ga": {"Max": 1154.5638476782638, "Min": 213.9580911247088, "Avr": 614.6931771807754}, "profit_by_avr": 57.377789503925115, "wf_name": "Montage_25"}{"heft": {"Max": 923.9730592821109, "Min": 337.3321150934828, "Avr": 529.9361335082898}, "ga": {"Max": 1665.8989856668254, "Min": 545.9227632783811, "Avr": 960.083611472897}, "profit_by_avr": 44.803126813580676, "wf_name": "Montage_50"}{"heft": {"Max": 1383.9601463541226, "Min": 811.6367188161518, "Avr": 1079.9191683251097}, "ga": {"Max": 2512.2219323557197, "Min": 1054.2327368977785, "Avr": 1769.3569925887653}, "profit_by_avr": 38.96544491312246, "wf_name": "Montage_100"}{"heft": {"Max": 17236.322661815888, "Min": 5986.189369671213, "Avr": 9461.738810665844}, "ga": {"Max": 17117.97662945592, "Min": 5961.208497754447, "Avr": 9275.506030716417}, "profit_by_avr": -2.007791050242491, "wf_name": "Epigenomics_24"}{"heft": {"Max": 24300.83832839835, "Min": 12440.68851101917, "Avr": 17107.269844731425}, "ga": {"Max": 31624.57653546488, "Min": 13708.063501892391, "Avr": 19564.864780067554}, "profit_by_avr": 12.561267164186575, "wf_name": "Epigenomics_46"}{"heft": {"Max": 184929.99849618122, "Min": 120746.97669589838, "Avr": 148888.45633711945}, "ga": {"Max": 287718.6922106047, "Min": 117993.03490656799, "Avr": 172617.35238316347}, "profit_by_avr": 13.74652995104011, "wf_name": "Epigenomics_100"}{"heft": {"Max": 4313.51838758178, "Min": 2094.6693333333337, "Avr": 2852.204624996912}, "ga": {"Max": 5631.128307794992, "Min": 2292.649010243952, "Avr": 3470.73811604599}, "profit_by_avr": 17.821381803180735, "wf_name": "Inspiral_30"}{"heft": {"Max": 5891.639933003971, "Min": 3775.015214539412, "Avr": 4670.664842145039}, "ga": {"Max": 7614.795806146784, "Min": 3821.7471507739465, "Avr": 5582.218578840523}, "profit_by_avr": 16.329595909245498, "wf_name": "Inspiral_50"}{"heft": {"Max": 9381.04713456239, "Min": 6493.218985151463, "Avr": 7868.273844968747}, "ga": {"Max": 12944.414930042272, "Min": 6769.5023678583, "Avr": 9203.702200206906}, "profit_by_avr": 14.509686712898407, "wf_name": "Inspiral_100"}{"heft": {"Max": 8691.160533312093, "Min": 2939.2822, "Avr": 4393.635822241258}, "ga": {"Max": 11455.062630091237, "Min": 2939.2822, "Avr": 4687.323754106806}, "profit_by_avr": 6.265578126713189, "wf_name": "Sipht_30"}{"heft": {"Max": 10135.880728688919, "Min": 3687.6201733333337, "Avr": 5581.824299289133}, "ga": {"Max": 11448.345592405767, "Min": 3728.396272949248, "Avr": 6582.49834916127}, "profit_by_avr": 15.202040270919948, "wf_name": "Sipht_60"}{"heft": {"Max": 11451.791549800528, "Min": 5264.486225856899, "Avr": 7440.743675398225}, "ga": {"Max": 16244.298050126592, "Min": 5755.627855661154, "Avr": 9017.968023069832}, "profit_by_avr": 17.489797520203453, "wf_name": "Sipht_100"}