{"cloud_heft": {"Max": 326.50399999999996, "Avr": 218.2282811224552, "Min": 192.75333333333333}, "heft": {"Max": 425.9949711369979, "Avr": 248.3333319009835, "Min": 228.4413333333333}, "profit_by_avr": 12.122839309598564, "wf_name": "CyberShake_30"}