{"ga": {"Max": 9205.622834316424, "Avr": 6209.4925924269355, "Min": 5852.6426666666675}, "wf_name": "Epigenomics_24", "heft": {"Max": 9236.28020847201, "Avr": 6337.045210334469, "Min": 5849.473333333334}, "profit_by_avr": -2.054155247130751}