{"wf_name": "Inspiral_30", "profit_by_avr": 13.187857663474201, "heft": {"Avr": 1978.205827002217, "Min": 1875.2158331758903, "Max": 2299.9209869158617}, "cloud_heft": {"Avr": 1717.3228582466118, "Min": 1518.7933333333333, "Max": 2460.8867510191726}}{"wf_name": "Inspiral_50", "profit_by_avr": 13.46252460391878, "heft": {"Avr": 3292.60087794294, "Min": 3130.5533333333333, "Max": 3775.347199874089}, "cloud_heft": {"Avr": 2849.333674641026, "Min": 2459.3129407083393, "Max": 3446.6315327820093}}{"wf_name": "Inspiral_100", "profit_by_avr": 15.05220848089599, "heft": {"Avr": 5556.827177966542, "Min": 5332.64382554648, "Max": 6010.969718183418}, "cloud_heft": {"Avr": 4720.401966215929, "Min": 4113.48553930857, "Max": 5286.897753170838}}