{"wf_name": "CyberShake_30", "cloud_heft": {"Avr": 372.6587059309662, "Min": 148.98296275577763, "Max": 645.7126626868992}, "profit_by_avr": 17.307874433615833, "heft": {"Avr": 450.65803228361887, "Min": 279.4146666666667, "Max": 1041.0832669660235}}{"wf_name": "CyberShake_50", "cloud_heft": {"Avr": 620.4868202181116, "Min": 371.52173999292165, "Max": 1315.5609646365356}, "profit_by_avr": 16.858860066719807, "heft": {"Avr": 746.3054039384655, "Min": 532.3239095788085, "Max": 990.6851916382474}}{"wf_name": "CyberShake_100", "cloud_heft": {"Avr": 1325.9339102448548, "Min": 806.4003095525592, "Max": 1720.2854992644268}, "profit_by_avr": 16.2266299116534, "heft": {"Avr": 1582.7630055309194, "Min": 1201.4447168067222, "Max": 2052.317770396617}}{"wf_name": "Montage_25", "cloud_heft": {"Avr": 149.10202374938282, "Min": 59.97539555555556, "Max": 273.6047676007208}, "profit_by_avr": 21.72893892135641, "heft": {"Avr": 190.49444544973161, "Min": 88.62266666666667, "Max": 308.324148552545}}{"wf_name": "Montage_50", "cloud_heft": {"Avr": 354.8495146972407, "Min": 146.87198222222227, "Max": 597.4219796372919}, "profit_by_avr": 13.92512230274593, "heft": {"Avr": 412.2567747877973, "Min": 228.06274352442995, "Max": 629.0717080388466}}