{"profit_by_avr": [15.192038360669159, 42.31731670384033, 51.08049207765622], "heft": {"Max": 10783.354305380557, "Avr": 6773.642611523978, "Min": 5036.154974759357}, "wf_name": "Sipht_79", "ga": {"Max": 11347.785623460006, "Avr": 7987.036217579141, "Min": 5126.302564615176}}