{"profit_by_avr": 22.772589438988977, "wf_name": "Inspiral_50", "heft": {"Max": 6395.478167629138, "Avr": 4692.87176460361, "Min": 3760.621612371819}, "cloud_heft": {"Max": 5727.3979292847325, "Avr": 3624.183344752193, "Min": 2395.790529557089}}