{"cloud_heft": {"Min": 2667.9020270172773, "Avr": 7765.9049447823445, "Max": 14102.94008354733}, "wf_name": "Epigenomics_24", "heft": {"Min": 5901.020655259773, "Avr": 9179.961117362825, "Max": 14703.194834203481}, "profit_by_avr": 15.40372725442114}{"cloud_heft": {"Min": 5590.512071345245, "Avr": 14322.941363114667, "Max": 25328.09437469573}, "wf_name": "Epigenomics_46", "heft": {"Min": 11938.335590715747, "Avr": 16985.362938934126, "Max": 25740.325069434348}, "profit_by_avr": 15.674799445801725}