{"profit_by_avr": -86.22466006797521, "ga": {"Avr": 281.735712865322, "Max": 432.1162975464471, "Min": 228.7013333333333}, "wf_name": "CyberShake_30", "heft": {"Avr": 243.9256607082106, "Max": 341.9906666666667, "Min": 228.4413333333333}}