{"wf_name": "CyberShake_30", "cloud_heft": {"Min": 108.63944221856686, "Max": 595.5433875179382, "Avr": 259.4343325969347}, "profit_by_avr": 20.0114045099943, "heft": {"Min": 233.10153701752748, "Max": 539.4773025897089, "Avr": 324.3391523599763}}