{"ga": {"Avr": 872.5094081198735, "Max": 1566.9094217085453, "Min": 450.0155027218857}, "heft": {"Avr": 228.70133333333334, "Max": 228.7013333333333, "Min": 228.7013333333333}, "wf_name": "CyberShake_30", "profit_by_avr": -26.0972926153307}