{"cloud_heft": {"Min": 2910.0877033333336, "Avr": 3910.9167726547043, "Max": 7060.9977806162615}, "profit_by_avr": 40.62367446329071, "wf_name": "Sipht_79", "heft": {"Min": 4923.988745761893, "Avr": 6586.660149989895, "Max": 10926.586761390288}}