{"profit_by_avr": 24.6373485726178, "wf_name": "Montage_50", "cloud_heft": {"Min": 124.63112180265051, "Avr": 324.0095026923261, "Max": 594.7614734277447}, "heft": {"Min": 247.9333333333333, "Avr": 429.9337888934741, "Max": 705.4806046054299}}