{"cloud_heft": {"Max": 327.3046933333334, "Avr": 231.56417831877542, "Min": 199.04239999999993}, "heft": {"Max": 352.4429751203625, "Avr": 246.76484962156326, "Min": 228.4413333333333}, "wf_name": "CyberShake_30", "profit_by_avr": 6.159982398667996}{"cloud_heft": {"Max": 466.0585009489941, "Avr": 378.67719062933867, "Min": 305.932}, "heft": {"Max": 515.2533333333333, "Avr": 434.09717222552064, "Min": 410.32000000000005}, "wf_name": "CyberShake_50", "profit_by_avr": 12.766722554780973}{"cloud_heft": {"Max": 903.5930700903021, "Avr": 770.6207869932908, "Min": 639.4462933333334}, "heft": {"Max": 992.6410804840731, "Avr": 879.1693223191018, "Min": 811.4853333333335}, "wf_name": "CyberShake_100", "profit_by_avr": 12.346715538194397}