{"wf_name": "Inspiral_100", "profit_by_avr": 20.152738645285673, "heft": {"Min": 6495.8, "Avr": 7878.59837005074, "Max": 9643.122612673747}, "cloud_heft": {"Min": 4301.801741635131, "Avr": 6290.845031622678, "Max": 8774.924889302325}}