{"heft": {"Max": 521.9695722470905, "Min": 410.32000000000005, "Avr": 440.2400778866088}, "profit_by_avr": 20.75570144040112, "cloud_heft": {"Max": 439.4233010829165, "Min": 286.8398666666667, "Avr": 348.8651616994749}, "wf_name": "CyberShake_50"}