{"profit_by_avr": 8.54147211984425, "wf_name": "CyberShake_30", "cloud_heft": {"Min": 191.85573333333335, "Avr": 226.09480913249146, "Max": 341.91607693948066}, "heft": {"Min": 228.4413333333333, "Avr": 247.21019939087438, "Max": 338.724}}{"profit_by_avr": 15.044253711935285, "wf_name": "CyberShake_50", "cloud_heft": {"Min": 290.6309333333333, "Avr": 375.81779003833304, "Max": 587.352}, "heft": {"Min": 410.32000000000005, "Avr": 442.36888787254526, "Max": 533.3815702117545}}{"profit_by_avr": 16.393799157141242, "wf_name": "CyberShake_100", "cloud_heft": {"Min": 603.4212266666669, "Avr": 738.9940688263699, "Max": 1052.722889595516}, "heft": {"Min": 812.5306666666668, "Avr": 883.8986359580424, "Max": 977.9906891286536}}