{"profit_by_avr": 16.931493177990063, "heft": {"Max": 528.0799999999999, "Avr": 274.6641100687858, "Min": 254.03199999999998}, "wf_name": "generated\\CyberShake_70", "cloud_heft": {"Max": 270.2804, "Avr": 228.15937501010222, "Min": 195.2786666666667}}