{"profit_by_avr": 0.9272466189834572, "cloud_heft": {"Avr": 3041.8850607629784, "Max": 5272.719678849858, "Min": 2939.2822}, "heft": {"Avr": 3070.3548220411503, "Max": 4721.5616017963275, "Min": 2939.2822}, "wf_name": "Sipht_30"}