{"wf_name": "Montage_100", "heft": {"Min": 530.2512507391972, "Avr": 850.0656178730112, "Max": 1306.9290437317081}, "profit_by_avr": 3.3500822576356892, "cloud_heft": {"Min": 379.4153818452467, "Avr": 821.5877204303863, "Max": 1240.605446539294}}