{"heft": {"Max": 6796.9860063898, "Min": 3618.4127081246384, "Avr": 4741.9126617297225}, "cloud_heft": {"Max": 5478.39575457848, "Min": 2172.2466096312364, "Avr": 3584.867264835257}, "wf_name": "Inspiral_50", "profit_by_avr": 24.400394512378178}