{"cloud_heft": {"Max": 1053.3007646823091, "Avr": 846.6943541706714, "Min": 713.7035670878461}, "heft": {"Max": 1117.2652678397912, "Avr": 949.8469583540588, "Min": 826.4133333333333}, "wf_name": "CyberShake_100", "profit_by_avr": 10.859918355914433}