{"profit_by_avr": 51.56019925576232, "wf_name": "CyberShake_30", "cloud_heft": {"Min": 180.6249045302717, "Avr": 239.19483861169687, "Max": 318.11946666666665}, "heft": {"Min": 290.877996669828, "Avr": 493.7981472604449, "Max": 797.7034219397708}}