{"wf_name": "CyberShake_30", "profit_by_avr": 5.910214462766483, "ga": {"Min": 311.92399198860846, "Max": 1064.4703222428727, "Avr": 542.2226315308523}, "heft": {"Min": 308.54507239845265, "Max": 721.7503504028041, "Avr": 510.1761111417228}}