{"profit_by_avr": -51.475359085549634, "wf_name": "CyberShake_30", "heft": {"Min": 275.40880476534414, "Avr": 431.43925536656656, "Max": 794.8782723204695}, "ga": {"Min": 396.4349999682769, "Avr": 836.2044733892903, "Max": 1538.7298959599766}}