{"profit_by_avr": 9.35070432422428, "cloud_heft": {"Min": 2443.9172436740578, "Avr": 8190.133047648607, "Max": 16427.11517889871}, "wf_name": "Epigenomics_24", "heft": {"Min": 5859.692167869118, "Avr": 9034.966004526015, "Max": 15245.385489681417}}