{"heft": {"Max": 173.16983159004067, "Avr": 98.14658366486147, "Min": 83.25200000000001}, "profit_by_avr": 11.55578243000127, "wf_name": "Montage_25", "cloud_heft": {"Max": 123.8752037271299, "Avr": 86.80497799407091, "Min": 72.29786666666665}}{"heft": {"Max": 244.16000000000003, "Avr": 189.01238141600388, "Min": 157.03999999999996}, "profit_by_avr": 11.809765233306202, "wf_name": "Montage_50", "cloud_heft": {"Max": 238.98576805204442, "Avr": 166.69046290889253, "Min": 136.17013333333335}}{"heft": {"Max": 449.4511519966244, "Avr": 367.8716130291392, "Min": 304.49999999999994}, "profit_by_avr": 11.136325198667162, "wf_name": "Montage_100", "cloud_heft": {"Max": 437.52350226755374, "Avr": 326.90423388863184, "Min": 252.85493333333338}}