{"heft": {"Max": 683.9727692231837, "Min": 239.65950739662068, "Avr": 422.3352060157429}, "profit_by_avr": 23.450148963294502, "cloud_heft": {"Max": 589.2687425540618, "Min": 144.27757910783808, "Avr": 323.29697108061447}, "wf_name": "Montage_50"}