{"wf_name": "CyberShake_30", "profit_by_avr": 75.34596774664246, "heft": {"Avr": 228.4413333333333, "Min": 228.4413333333333, "Max": 228.4413333333333}, "cloud_heft": {"Avr": 56.32000000000001, "Min": 56.32000000000001, "Max": 56.32000000000001}}