{"heft": {"Avr": 845.1392485372983, "Max": 1127.1804942603728, "Min": 641.0868789575286}, "ga": {"Avr": 1047.6045224482116, "Max": 1419.9295540390103, "Min": 647.7744687435255}, "profit_by_avr": [19.326498652159284, 41.43546648324524, 52.75394026400423], "wf_name": "CyberShake_75"}{"heft": {"Avr": 520.6735746503596, "Max": 645.9421566028203, "Min": 361.67891579509904}, "ga": {"Avr": 822.4693157916001, "Max": 1153.9428157725556, "Min": 533.4086064889951}, "profit_by_avr": [36.69386022635652, 45.73490096490333, 65.64686055653564], "wf_name": "Montage_75"}{"heft": {"Avr": 83395.74949915407, "Max": 102693.26113548876, "Min": 70067.53645647831}, "ga": {"Avr": 93319.58374909832, "Max": 135408.27306899754, "Min": 71420.34976604526}, "profit_by_avr": [10.634246158475968, 40.596052761515054, 46.913214738706735], "wf_name": "Epigenomics_72"}