{"profit_by_avr": 53.74104996460453, "wf_name": "CyberShake_100_2", "heft": {"Max": 2258.251227748499, "Avr": 1623.5303031913238, "Min": 1202.0742435788031}, "cloud_heft": {"Max": 1040.7407518073617, "Avr": 751.0280717627792, "Min": 544.3361878092692}}