{"heft": {"Max": 1322.328509672253, "Min": 503.26455616151003, "Avr": 793.2227565638517}, "cloud_heft": {"Max": 1137.2377602078645, "Min": 391.50990155927366, "Avr": 706.2336131830211}, "profit_by_avr": 10.966546617706408, "wf_name": "Montage_100"}