{"profit_by_avr": 9.35070432422428, "cloud_heft": {"Min": 2443.9172436740578, "Avr": 8190.133047648607, "Max": 16427.11517889871}, "wf_name": "Epigenomics_24", "heft": {"Min": 5859.692167869118, "Avr": 9034.966004526015, "Max": 15245.385489681417}}{"profit_by_avr": 11.581375822133689, "cloud_heft": {"Min": 8808.060974144624, "Avr": 14954.265661229772, "Max": 23602.143132579182}, "wf_name": "Epigenomics_46", "heft": {"Min": 12179.853333333336, "Avr": 16913.026865411517, "Max": 27359.602313760588}}{"profit_by_avr": 8.491898266842757, "cloud_heft": {"Min": 89639.61620965062, "Avr": 136881.39769500933, "Max": 191328.95190702617}, "wf_name": "Epigenomics_100", "heft": {"Min": 118133.6640997486, "Avr": 149583.9112630302, "Max": 188920.59037035712}}{"profit_by_avr": 9.787583702910785, "cloud_heft": {"Min": 1411.410638877084, "Avr": 2652.8312567293196, "Max": 4329.238608013596}, "wf_name": "Inspiral_30", "heft": {"Min": 2142.002275999144, "Avr": 2940.6498191922565, "Max": 5133.759786520761}}{"profit_by_avr": 11.83235803148298, "cloud_heft": {"Min": 2487.755610616848, "Avr": 4165.631824427141, "Max": 5672.6403252315895}, "wf_name": "Inspiral_50", "heft": {"Min": 3826.8026766577555, "Avr": 4724.671922057991, "Max": 6417.669344454457}}{"profit_by_avr": 7.340597042371311, "cloud_heft": {"Min": 5578.11996763555, "Avr": 7346.334398321887, "Max": 9688.472425251337}, "wf_name": "Inspiral_100", "heft": {"Min": 6562.195279681698, "Avr": 7928.320455163326, "Max": 10718.323254318071}}{"profit_by_avr": 13.564146944355226, "cloud_heft": {"Min": 1045.0597795555555, "Avr": 3622.119209749308, "Max": 9594.357835503251}, "wf_name": "Sipht_30", "heft": {"Min": 2939.2822, "Avr": 4190.528677281056, "Max": 10441.295108992239}}{"profit_by_avr": 6.908768167014456, "cloud_heft": {"Min": 1361.7176800000002, "Avr": 5239.350553312066, "Max": 10246.807136250876}, "wf_name": "Sipht_60", "heft": {"Min": 3687.6201733333337, "Avr": 5628.189089507329, "Max": 9977.148465738626}}{"profit_by_avr": 15.614656001629623, "cloud_heft": {"Min": 1994.1730292051486, "Avr": 6234.431642479755, "Max": 9801.296600217074}, "wf_name": "Sipht_100", "heft": {"Min": 5356.892666666667, "Avr": 7388.050278731047, "Max": 14156.937088657662}}