{"profit_by_avr": 20.52865809604546, "heft": {"Min": 1130.314349741393, "Avr": 1510.2603011481553, "Max": 2319.499915416712}, "wf_name": "CyberShake_100", "cloud_heft": {"Min": 811.3328507398361, "Avr": 1200.224127565144, "Max": 1691.020228722195}}