{"profit_by_avr": 16.84627526620196, "wf_name": "Epigenomics_46", "cloud_heft": {"Avr": 13687.124476196153, "Min": 6849.791034577398, "Max": 23257.742145382075}, "heft": {"Avr": 16460.025717444485, "Min": 12219.715627330947, "Max": 30762.960139123123}}