{"heft": {"Max": 509.71606370935183, "Min": 254.03199999999998, "Avr": 275.5205697816071}, "cloud_heft": {"Max": 293.3042666666667, "Min": 196.74033333333338, "Avr": 228.33670444711672}, "wf_name": "generated\\CyberShake_70", "profit_by_avr": 17.125351247600474}