{"wf_name": "CyberShake_30", "ga": {"Min": 461.7485064357335, "Avr": 866.684706553206, "Max": 1542.7815790293544}, "heft": {"Min": 410.4679095399481, "Avr": 549.3191990336791, "Max": 1069.91527218333}, "profit_by_avr": 36.61833480155493}