{"profit_by_avr": 20.014339095738688, "cloud_heft": {"Avr": 6291.975774258663, "Max": 7636.32830462572, "Min": 4687.257276473631}, "heft": {"Avr": 7866.379677464729, "Max": 9413.111663957867, "Min": 6500.739842319622}, "wf_name": "Inspiral_100"}