{"heft": {"Max": 8967.516067069007, "Avr": 6554.764420557188, "Min": 5857.412000000001}, "ga": {"Max": 9578.00435798017, "Avr": 6280.174764401575, "Min": 5851.817777747818}, "wf_name": "Epigenomics_24", "profit_by_avr": -4.3723250778320955}