{"heft": {"Max": 4372.486654958219, "Avr": 3086.0273075918194, "Min": 2939.2822}, "ga": {"Max": 4331.5700274050005, "Avr": 3022.6856989580747, "Min": 2939.2822}, "wf_name": "Sipht_30", "profit_by_avr": -2.0955406860719394}