{"heft": {"Min": 810.6586666666665, "Max": 991.8680924746545, "Avr": 875.8468438442085}, "wf_name": "CyberShake_100", "profit_by_avr": 12.97073644432485, "cloud_heft": {"Min": 657.9160278198635, "Max": 899.5704533333333, "Avr": 762.2430580732388}}