{"heft": {"Max": 228.4413333333333, "Min": 228.4413333333333, "Avr": 228.4413333333333}, "profit_by_avr": 1.213790849291707, "wf_name": "CyberShake_30", "cloud_heft": {"Max": 225.66853333333333, "Min": 225.66853333333333, "Avr": 225.66853333333333}}