{"cloud_heft": {"Min": 389.8911921456355, "Avr": 697.466449552842, "Max": 1139.12001282576}, "wf_name": "Montage_100", "heft": {"Min": 544.7854885573954, "Avr": 847.06313338435, "Max": 1280.4934843676078}, "profit_by_avr": 17.66062976130367}