{"heft": {"Max": 4770.944751928279, "Avr": 3047.2362133497877, "Min": 2939.2822}, "profit_by_avr": -0.14082922579885526, "wf_name": "Sipht_30", "cloud_heft": {"Max": 4899.894701127217, "Avr": 3051.527612517311, "Min": 2939.2822}}