{"heft": {"Min": 228.4413333333333, "Max": 372.40867382284375, "Avr": 249.62927701004637}, "wf_name": "CyberShake_30", "profit_by_avr": 5.9258980915733, "cloud_heft": {"Min": 198.1152, "Max": 341.49466666666666, "Avr": 234.8365004476998}}{"heft": {"Min": 410.45866666666666, "Max": 531.9639878552674, "Avr": 440.8998212561481}, "wf_name": "CyberShake_50", "profit_by_avr": 13.968559378596401, "cloud_heft": {"Min": 309.05504, "Max": 490.57535999999993, "Avr": 379.31246792385764}}{"heft": {"Min": 811.2506666666668, "Max": 975.6266666666667, "Avr": 878.8491945818414}, "wf_name": "CyberShake_100", "profit_by_avr": 12.903239444069381, "cloud_heft": {"Min": 666.3667199999998, "Max": 922.0299536440199, "Avr": 765.4491786526712}}