{"heft": {"Max": 15270.26383250527, "Min": 5859.709333333334, "Avr": 9302.37711937784}, "ga": {"Max": 15849.157635123209, "Min": 5893.42544988617, "Avr": 9263.053692459867}, "profit_by_avr": -0.42451904332565515, "wf_name": "Epigenomics_24"}