{"wf_name": "CyberShake_30", "profit_by_avr": 12.688239680130541, "cloud_heft": {"Min": 543.3858257966143, "Avr": 543.3858257966143, "Max": 543.3858257966143}, "heft": {"Min": 622.3512431840828, "Avr": 622.3512431840828, "Max": 622.3512431840828}}