{"profit_by_avr": -0.7623621166042094, "cloud_heft": {"Min": 2939.2822, "Avr": 3075.108223457418, "Max": 4725.623916434518}, "wf_name": "Sipht_30", "heft": {"Min": 2939.2822, "Avr": 3051.8421351603897, "Max": 4294.851890508106}}