{"profit_by_avr": 29.80343722701272, "heft": {"Max": 577.4920392819827, "Min": 231.9783621050977, "Avr": 369.67537341239586}, "wf_name": "CyberShake_30", "ga": {"Max": 880.205936672884, "Min": 327.0444989460332, "Avr": 526.6288815421211}}