{"wf_name": "CyberShake_30", "ga": {"Avr": 508.0785637723239, "Min": 337.74566374348535, "Max": 775.3969698073496}, "profit_by_avr": -2.771984435957431, "heft": {"Avr": 522.1624224825288, "Min": 322.7748722087806, "Max": 1436.654452004442}}