{"heft": {"Max": 764.4506502639001, "Min": 272.34941958600183, "Avr": 437.41668976192676}, "ga": {"Max": 1401.5580871723157, "Min": 470.0566148635746, "Avr": 878.7510174303608}, "profit_by_avr": -49.66329268534951, "wf_name": "CyberShake_30"}