{"heft": {"Max": 351.464, "Avr": 244.1640108068177, "Min": 228.4413333333333}, "cloud_heft": {"Max": 246.8092494285746, "Avr": 132.55095127672539, "Min": 75.07807999999997}, "wf_name": "CyberShake_30", "profit_by_avr": 45.712330478712715}