{"cloud_heft": {"Max": 11366.294708121079, "Avr": 5928.878932577865, "Min": 4797.0038257069955}, "heft": {"Max": 9045.785226099191, "Avr": 6281.101408255608, "Min": 5861.9800000000005}, "wf_name": "Epigenomics_24", "profit_by_avr": 5.607654657745154}{"cloud_heft": {"Max": 15056.824106042472, "Avr": 11056.406663808059, "Min": 9691.185866666669}, "heft": {"Max": 14861.787542600005, "Avr": 12462.15449871586, "Min": 11514.680204963857}, "wf_name": "Epigenomics_46", "profit_by_avr": 11.28013486795284}{"cloud_heft": {"Max": 111478.9026417133, "Avr": 95977.6184474381, "Min": 83072.90666666668}, "heft": {"Max": 121682.14740837007, "Avr": 110839.50732890211, "Min": 106990.58446214952}, "wf_name": "Epigenomics_100", "profit_by_avr": 13.408476128789747}