{"heft": {"Max": 483.0317947296292, "Avr": 288.75838188203466, "Min": 228.4413333333333}, "ga": {"Max": 634.8527395848719, "Avr": 404.650320381848, "Min": 257.5455623112566}, "wf_name": "CyberShake_30", "profit_by_avr": -71.11285161234807}