{"heft": {"Avr": 2861.8706178094767, "Max": 5731.948093524413, "Min": 2047.5986666666665}, "profit_by_avr": 16.838999007016042, "wf_name": "Inspiral_30", "cloud_heft": {"Avr": 2379.960252894455, "Max": 4069.3030364237256, "Min": 1332.0433013380737}}{"heft": {"Avr": 4706.092825212109, "Max": 6575.1113262084755, "Min": 3622.43405288049}, "profit_by_avr": 21.992495395659684, "wf_name": "Inspiral_50", "cloud_heft": {"Avr": 3671.1055773118655, "Max": 5545.69826212099, "Min": 2328.0149454482703}}