{"profit_by_avr": 1.332991400174921, "wf_name": "Sipht_30", "cloud_heft": {"Min": 2939.2822, "Avr": 3014.056727561146, "Max": 4864.732765942761}, "heft": {"Min": 2939.2822, "Avr": 3054.776637432676, "Max": 4671.550647267}}{"profit_by_avr": 5.145311413860709, "wf_name": "Sipht_60", "cloud_heft": {"Min": 3093.1484666666665, "Avr": 3647.761408658141, "Max": 5421.564349095021}, "heft": {"Min": 3687.6201733333337, "Avr": 3845.6311048299335, "Max": 4833.375251953773}}