{"ga": {"Avr": 549.2327674847384, "Max": 903.8316633261037, "Min": 310.70025581695097}, "profit_by_avr": 7.230508477567543, "heft": {"Avr": 509.5204456701755, "Max": 754.0877630469295, "Min": 342.259189102807}, "wf_name": "CyberShake_30"}