{"heft": {"Max": 228.7013333333333, "Avr": 228.70133333333334, "Min": 228.7013333333333}, "ga": {"Max": 1503.822639482616, "Avr": 867.749397324048, "Min": 426.44993913269843}, "wf_name": "CyberShake_30", "profit_by_avr": -26.24044845614588}