{"wf_name": "Sipht_30", "profit_by_avr": 1.7502916712498817, "cloud_heft": {"Min": 2939.2822, "Max": 4413.7399733555, "Avr": 3027.8533031556785}, "heft": {"Min": 2939.2822, "Max": 5415.738987701188, "Avr": 3081.7936812843027}}{"wf_name": "Sipht_60", "profit_by_avr": 4.443656666720641, "cloud_heft": {"Min": 3093.1484666666665, "Max": 4851.093572032081, "Avr": 3678.8139236673505}, "heft": {"Min": 3687.6201733333337, "Max": 5074.316880474461, "Avr": 3849.8898088183037}}{"wf_name": "Sipht_100", "profit_by_avr": 5.2840148942577825, "cloud_heft": {"Min": 4083.6893333333333, "Max": 6183.815641735007, "Avr": 4946.7848892157535}, "heft": {"Min": 5083.379800000001, "Max": 6930.060901001969, "Avr": 5222.75609939874}}