{"cloud_heft": {"Max": 1182.9911631590353, "Avr": 797.4841993293393, "Min": 516.6863151955872}, "heft": {"Max": 1206.6816949220088, "Avr": 848.1240759671123, "Min": 540.976564150602}, "wf_name": "Montage_100", "profit_by_avr": 5.970809940754074}