{"profit_by_avr": 12.512177776833477, "heft": {"Avr": 423.22685400724606, "Max": 757.8886965016213, "Min": 257.916}, "wf_name": "CyberShake_30", "cloud_heft": {"Avr": 370.27195763455995, "Max": 797.4261204050047, "Min": 165.77639793961532}}{"profit_by_avr": 22.284096216292003, "heft": {"Avr": 758.9663996062529, "Max": 1054.2984057575873, "Min": 468.7099742094735}, "wf_name": "CyberShake_50", "cloud_heft": {"Avr": 589.8375968686682, "Max": 938.1259003003913, "Min": 299.1869405669573}}