{"heft": {"Avr": 228.70133333333334, "Max": 228.7013333333333, "Min": 228.7013333333333}, "ga": {"Avr": 850.4690867461588, "Max": 1574.8934213318394, "Min": 413.503207721439}, "profit_by_avr": -26.773616687762786, "wf_name": "CyberShake_30"}