{"heft": {"Max": 6884.089381447165, "Min": 2939.2822, "Avr": 3067.380513152045}, "cloud_heft": {"Max": 4784.140195325731, "Min": 2939.2822, "Avr": 3015.639044699161}, "wf_name": "Sipht_30", "profit_by_avr": 1.686829143988866}