{"heft": {"Max": 351.64179195621125, "Avr": 196.6348457035264, "Min": 89.83211200319319}, "cloud_heft": {"Max": 281.0515628872488, "Avr": 161.96407957424003, "Min": 65.71902320969537}, "wf_name": "Montage_25", "profit_by_avr": 17.63205600982888}{"heft": {"Max": 626.7336701973353, "Avr": 416.1446840855963, "Min": 232.54666666666662}, "cloud_heft": {"Max": 522.5691645114979, "Avr": 332.78934208151423, "Min": 169.53115670009217}, "wf_name": "Montage_50", "profit_by_avr": 20.03037529777427}