{"heft": {"Max": 6370.071056229628, "Avr": 4793.759237354514, "Min": 3776.5902222745376}, "profit_by_avr": 22.0583796338798, "wf_name": "Inspiral_50", "cloud_heft": {"Max": 5797.5763725478955, "Avr": 3736.3336260446745, "Min": 2417.250085702918}}