{"profit_by_avr": 0.716228111101791, "wf_name": "Sipht_30", "heft": {"Avr": 3074.6130798163, "Min": 2939.2822, "Max": 4879.7204404206195}, "cloud_heft": {"Avr": 3052.591836631043, "Min": 2939.2822, "Max": 4429.024972480349}}