{"heft": {"Avr": 4682.336239972103, "Max": 7089.459462868124, "Min": 3525.4776439669936}, "cloud_heft": {"Avr": 3685.540369274383, "Max": 5205.695971516882, "Min": 2284.7540005129376}, "profit_by_avr": 21.288429954864984, "wf_name": "Inspiral_50"}