{"heft": {"Min": 243.176, "Max": 449.5206656692679, "Avr": 264.45017929117563}, "wf_name": "generated\\CyberShake_30", "profit_by_avr": 19.26807476891931, "cloud_heft": {"Min": 186.2016666666666, "Max": 275.08700000000005, "Avr": 213.49572101881074}}{"heft": {"Min": 246.47066666666663, "Max": 444.268652915082, "Avr": 265.58939571026866}, "wf_name": "generated\\CyberShake_40", "profit_by_avr": 19.886437796975365, "cloud_heft": {"Min": 184.08033333333336, "Max": 287.1861422621155, "Avr": 212.77312573698333}}{"heft": {"Min": 270.17333333333335, "Max": 471.63743012719556, "Avr": 289.38813591491123}, "wf_name": "generated\\CyberShake_50", "profit_by_avr": 21.85278945903373, "cloud_heft": {"Min": 191.04133333333334, "Max": 273.3823024440289, "Avr": 226.1487558540033}}{"heft": {"Min": 240.58533333333332, "Max": 469.7850132470275, "Avr": 260.5586016569165}, "wf_name": "generated\\CyberShake_60", "profit_by_avr": 19.525868023979065, "cloud_heft": {"Min": 184.7340666666667, "Max": 399.56041223536823, "Avr": 209.68227297226164}}{"heft": {"Min": 254.03199999999998, "Max": 597.8528255899475, "Avr": 276.4373185627687}, "wf_name": "generated\\CyberShake_70", "profit_by_avr": 17.581307934380895, "cloud_heft": {"Min": 198.7759333333334, "Max": 294.6950666666668, "Avr": 227.83602234070287}}{"heft": {"Min": 249.33599999999998, "Max": 473.87407805666606, "Avr": 267.1685865094631}, "wf_name": "generated\\CyberShake_80", "profit_by_avr": 19.27703880751528, "cloud_heft": {"Min": 189.08933333333334, "Max": 306.97604354608114, "Avr": 215.6663944065439}}{"heft": {"Min": 239.5573333333333, "Max": 464.6351852870659, "Avr": 256.6812710202622}, "wf_name": "generated\\CyberShake_90", "profit_by_avr": 19.41689964090432, "cloud_heft": {"Min": 179.10300000000004, "Max": 254.8956666666666, "Avr": 206.84172622926027}}{"heft": {"Min": 300.84, "Max": 595.4870783857842, "Avr": 322.1015634906955}, "wf_name": "generated\\CyberShake_100", "profit_by_avr": 18.572474982237065, "cloud_heft": {"Min": 231.30766666666668, "Max": 358.091, "Avr": 262.27933119399165}}