{"heft": {"Max": 766.8546526525943, "Min": 297.92963695053396, "Avr": 498.98185470900586}, "ga": {"Max": 1410.3365310289869, "Min": 433.0953409864951, "Avr": 755.4000551502728}, "profit_by_avr": 33.94468913432331, "wf_name": "CyberShake_30"}{"heft": {"Max": 1256.6231365674403, "Min": 630.3919424306375, "Avr": 893.1087682186661}, "ga": {"Max": 1884.641348928851, "Min": 912.3830500043468, "Avr": 1283.316170997649}, "profit_by_avr": 30.40617827449613, "wf_name": "CyberShake_50"}{"heft": {"Max": 2175.5830481205335, "Min": 1375.1294457156373, "Avr": 1785.7781824927051}, "ga": {"Max": 3422.222349525252, "Min": 1810.794795876293, "Avr": 2445.7388599832448}, "profit_by_avr": 26.984102362222796, "wf_name": "CyberShake_100"}{"heft": {"Max": 405.46789666171463, "Min": 151.55282333846964, "Avr": 261.99581988300065}, "ga": {"Max": 1154.5638476782638, "Min": 213.9580911247088, "Avr": 614.6931771807754}, "profit_by_avr": 57.377789503925115, "wf_name": "Montage_25"}{"heft": {"Max": 923.9730592821109, "Min": 337.3321150934828, "Avr": 529.9361335082898}, "ga": {"Max": 1665.8989856668254, "Min": 545.9227632783811, "Avr": 960.083611472897}, "profit_by_avr": 44.803126813580676, "wf_name": "Montage_50"}{"heft": {"Max": 1383.9601463541226, "Min": 811.6367188161518, "Avr": 1079.9191683251097}, "ga": {"Max": 2512.2219323557197, "Min": 1054.2327368977785, "Avr": 1769.3569925887653}, "profit_by_avr": 38.96544491312246, "wf_name": "Montage_100"}{"heft": {"Max": 17236.322661815888, "Min": 5986.189369671213, "Avr": 9461.738810665844}, "ga": {"Max": 17117.97662945592, "Min": 5961.208497754447, "Avr": 9275.506030716417}, "profit_by_avr": -2.007791050242491, "wf_name": "Epigenomics_24"}{"heft": {"Max": 24300.83832839835, "Min": 12440.68851101917, "Avr": 17107.269844731425}, "ga": {"Max": 31624.57653546488, "Min": 13708.063501892391, "Avr": 19564.864780067554}, "profit_by_avr": 12.561267164186575, "wf_name": "Epigenomics_46"}