{"heft": {"Max": 12490.606659860161, "Min": 2939.2822, "Avr": 4157.6688821430835}, "cloud_heft": {"Max": 11914.010748588107, "Min": 1051.2607608888886, "Avr": 3866.5781186028516}, "wf_name": "Sipht_30", "profit_by_avr": 7.001297404669415}{"heft": {"Max": 11224.947496098624, "Min": 3687.6201733333337, "Avr": 5784.345460589889}, "cloud_heft": {"Max": 13669.79877642204, "Min": 1450.3202645333338, "Avr": 5153.918200417151}, "wf_name": "Sipht_60", "profit_by_avr": 10.898852159989191}