{"wf_name": "Epigenomics_24", "profit_by_avr": -3.3513696795523185, "heft": {"Min": 5849.473333333334, "Max": 9657.9626316626, "Avr": 6310.843696149323}, "ga": {"Min": 5852.6426666666675, "Max": 9578.336741080371, "Avr": 6106.2022842237175}}