{"heft": {"Avr": 1781.8387136367132, "Max": 2220.7844905386137, "Min": 1389.470456635062}, "cloud_heft": {"Avr": 822.6984899519053, "Max": 1305.844587741269, "Min": 648.3391029772168}, "profit_by_avr": 53.82867800235485, "wf_name": "CyberShake_100"}{"cloud_heft": {"Min": 656.1573706508492, "Avr": 806.9383249668796, "Max": 1148.9332126643026}, "wf_name": "CyberShake_100", "heft": {"Min": 1424.7413675332473, "Avr": 1813.2079447960841, "Max": 2438.7369361899805}, "profit_by_avr": 55.496647404243035}