{"profit_by_avr": 17.659464416278215, "wf_name": "generated\\CyberShake_70", "heft": {"Min": 254.03199999999998, "Avr": 276.72425854050476, "Max": 466.82020260349213}, "cloud_heft": {"Min": 198.0792666666667, "Avr": 227.8562365723346, "Max": 272.75600000000003}}