{"profit_by_avr": -3.0585978263951707, "ga": {"Avr": 6046.3137098850075, "Max": 8659.742670612039, "Min": 5852.6426666666675}, "wf_name": "Epigenomics_24", "heft": {"Avr": 6231.246129592584, "Max": 9363.091999999999, "Min": 5849.473333333334}}