{"wf_name": "Sipht_79", "profit_by_avr": [12.981613557861982, 30.255969463087595, 39.30986998706681], "heft": {"Min": 4709.647001416742, "Max": 7496.011964568818, "Avr": 5510.986168925598}, "ga": {"Min": 4795.663866666667, "Max": 11240.247221958387, "Avr": 6333.128427507756}}