{"profit_by_avr": 16.873060255851257, "heft": {"Max": 431.31880538733054, "Avr": 274.7353769104875, "Min": 254.03199999999998}, "wf_name": "generated\\CyberShake_70", "cloud_heft": {"Max": 288.6905333333333, "Avr": 228.37911122024087, "Min": 202.6496666666667}}