{"heft": {"Max": 1539.893364107766, "Min": 836.6587894296322, "Avr": 1181.107851564588}, "cloud_heft": {"Max": 789.9657090533325, "Min": 431.3109493092868, "Avr": 556.6603736323129}, "wf_name": "CyberShake_75", "profit_by_avr": 52.869640744922904}