{"heft": {"Max": 9162.114666666666, "Min": 5852.620000000001, "Avr": 6384.1837022679265}, "wf_name": "Epigenomics_24", "profit_by_avr": -2.670138777490516, "ga": {"Max": 9302.829272538633, "Min": 5852.6426666666675, "Avr": 6218.15045570738}}