{"ga": {"Max": 10423.774012605974, "Avr": 6239.275483695043, "Min": 5852.6426666666675}, "heft": {"Max": 9174.722666666665, "Avr": 6407.0320359104635, "Min": 5849.473333333334}, "wf_name": "Epigenomics_24", "profit_by_avr": -2.6887184682550913}