{"profit_by_avr": 17.66090612917981, "wf_name": "generated\\CyberShake_70", "heft": {"Max": 507.80156082511365, "Avr": 277.07293629337687, "Min": 254.03199999999998}, "cloud_heft": {"Max": 272.4956666666667, "Avr": 228.1393451052414, "Min": 203.3856666666667}}