{"ga": {"Avr": 3336.6935325299946, "Min": 3027.6924666666664, "Max": 5820.28366126946}, "wf_name": "Sipht_73", "heft": {"Avr": 3209.904228810288, "Min": 3027.6924666666664, "Max": 4993.395668399354}, "profit_by_avr": [3.7998486370898643, 14.188961333872852, 17.449650917100346]}