{"profit_by_avr": 41.0686704775971, "heft": {"Max": 1054.6992859931693, "Min": 615.0640297549924, "Avr": 837.8503825492695}, "wf_name": "CyberShake_75", "cloud_heft": {"Max": 589.0598005557882, "Min": 406.8750599433264, "Avr": 493.7563698448233}}{"profit_by_avr": 41.73359983258179, "heft": {"Max": 1518.280405556978, "Min": 881.3314313718465, "Avr": 1109.1507706635382}, "wf_name": "CyberShake_100_2", "cloud_heft": {"Max": 838.7583271970303, "Min": 533.5403773070924, "Avr": 646.2622264948202}}