{"cloud_heft": {"Max": 469.43533333333346, "Avr": 420.7992587889648, "Min": 377.2039333333333}, "heft": {"Max": 697.7238970341276, "Avr": 541.9326792522874, "Min": 498.03999999999996}, "profit_by_avr": 22.35211588097108, "wf_name": "CyberShake_75"}{"cloud_heft": {"Max": 258.40186666666665, "Avr": 207.48732707538144, "Min": 180.23913333333334}, "heft": {"Max": 339.20420191378054, "Avr": 268.79455993714845, "Min": 227.26000000000002}, "profit_by_avr": 22.808211920695985, "wf_name": "Montage_75"}{"cloud_heft": {"Max": 66162.44933333332, "Avr": 55881.29855024219, "Min": 47542.58986473673}, "heft": {"Max": 82489.69556322324, "Avr": 73261.7628761495, "Min": 69687.25259584098}, "profit_by_avr": 23.7237866570169, "wf_name": "Epigenomics_72"}{"cloud_heft": {"Max": 3336.292933333334, "Avr": 2960.460257816399, "Min": 2659.359518728081}, "heft": {"Max": 4258.128586196124, "Avr": 3873.6079138329906, "Min": 3706.776}, "profit_by_avr": 23.573569559161157, "wf_name": "Inspiral_72"}{"cloud_heft": {"Max": 3774.3331906666667, "Avr": 2728.5677494199995, "Min": 2481.580426666666}, "heft": {"Max": 4843.677630032855, "Avr": 3240.0874574516797, "Min": 3027.6924666666664}, "profit_by_avr": 15.787219164571232, "wf_name": "Sipht_73"}