{"wf_name": "CyberShake_30", "profit_by_avr": 65.51293461719656, "heft": {"Min": 228.30133333333333, "Max": 350.44, "Avr": 246.48710311175347}, "ga": {"Min": 388.0682734908088, "Max": 1086.2969086881667, "Avr": 714.7233328663023}}{"wf_name": "CyberShake_50", "profit_by_avr": 63.84286294256167, "heft": {"Min": 417.60666666666674, "Max": 571.6207260789082, "Avr": 472.3559845859907}, "ga": {"Min": 883.0106348068014, "Max": 2121.396523903817, "Avr": 1306.3976382743408}}