{"ga": {"Max": 8933.700232040197, "Avr": 6214.122669224676, "Min": 5852.6426666666675}, "heft": {"Max": 9343.257431432296, "Avr": 6202.032122641476, "Min": 5849.473333333334}, "wf_name": "Epigenomics_24", "profit_by_avr": 0.19456562457446092}