{"profit_by_avr": 18.35789048019891, "heft": {"Min": 254.03199999999998, "Avr": 279.7309767972231, "Max": 490.3959881045929}, "wf_name": "generated\\CyberShake_70", "cloud_heft": {"Min": 207.92704292360872, "Avr": 228.37827043759825, "Max": 253.51066763915316}}