{"wf_name": "CyberShake_30", "profit_by_avr": [28.48182532211011, 53.69972401143668, 66.88688774215417], "heft": {"Min": 333.6527757751994, "Max": 979.6652684864484, "Avr": 520.5953521812226}, "ga": {"Min": 415.45460153768994, "Max": 1160.7749808484168, "Avr": 727.9203566449055}}{"wf_name": "CyberShake_50", "profit_by_avr": [31.09789163067066, 51.92240820463516, 66.87352559979392], "heft": {"Min": 586.1484235537403, "Max": 1177.1993827345002, "Avr": 899.6931770101089}, "ga": {"Min": 933.256742539661, "Max": 1978.1583178764888, "Avr": 1305.7556558176277}}{"wf_name": "CyberShake_100", "profit_by_avr": [27.348469357646454, 52.888117218930915, 65.77249604512191], "heft": {"Min": 1485.6405401926818, "Max": 2592.1133095677383, "Avr": 1808.2289032985636}, "ga": {"Min": 1821.0741850492464, "Max": 3440.362982162205, "Avr": 2488.9068231749316}}{"wf_name": "Montage_25", "profit_by_avr": [58.3489949403051, 56.79110153914204, 82.00305951582962], "heft": {"Min": 136.04586954004563, "Max": 437.17000950520827, "Avr": 252.31463601311748}, "ga": {"Min": 209.23205958267295, "Max": 1080.6833416788136, "Avr": 605.7828272126831}}{"wf_name": "Montage_50", "profit_by_avr": [46.33170560227453, 57.47554783203959, 77.17785181947905], "heft": {"Min": 305.99293656387385, "Max": 797.3226988263572, "Avr": 538.8783884606706}, "ga": {"Min": 466.1556036169206, "Max": 1782.3628600064683, "Avr": 1004.0907662672226}}{"wf_name": "Montage_100", "profit_by_avr": [40.86063706427, 54.48339165044524, 73.08176779212204], "heft": {"Min": 729.7128114871186, "Max": 1493.271249822386, "Avr": 1097.1892574823785}, "ga": {"Min": 1166.0351926380404, "Max": 2446.547097941495, "Avr": 1855.2605287188405}}{"wf_name": "Epigenomics_24", "profit_by_avr": [5.068482348446834, 47.90838834175013, 50.548642483669994], "heft": {"Min": 6142.223898652753, "Max": 14759.837644243456, "Avr": 9365.823949687681}, "ga": {"Min": 6162.883016129617, "Max": 22856.943123771365, "Avr": 9865.874033600734}}{"wf_name": "Epigenomics_46", "profit_by_avr": [12.746245431132985, 47.989748701673776, 54.619102981507474], "heft": {"Min": 13003.353352455071, "Max": 25717.29643836115, "Avr": 17379.258566866665}, "ga": {"Min": 12742.52999474919, "Max": 38886.89438713163, "Avr": 19918.063873285464}}{"wf_name": "Epigenomics_100", "profit_by_avr": [14.759725108263188, 44.66790148006267, 52.83476711823878], "heft": {"Min": 120365.53028547268, "Max": 192519.92785794148, "Avr": 147798.18732049793}, "ga": {"Min": 124122.86493138174, "Max": 277216.8807256797, "Avr": 173390.08761787263}}{"wf_name": "Inspiral_30", "profit_by_avr": [19.31956728141867, 44.17810733586642, 54.96265544687502], "heft": {"Min": 2106.565381989584, "Max": 4758.655710465959, "Avr": 2847.021070462724}, "ga": {"Min": 1977.4370969638892, "Max": 5865.277638575885, "Avr": 3528.76276753909}}{"wf_name": "Inspiral_50", "profit_by_avr": [16.45253023785742, 44.04259114394809, 53.24900075631154], "heft": {"Min": 3626.37093308365, "Max": 6451.714972537056, "Avr": 4749.327079434975}, "ga": {"Min": 4032.5618748449883, "Max": 10407.881404431711, "Avr": 5684.585174100643}}{"wf_name": "Inspiral_100", "profit_by_avr": [16.852816645117663, 43.80062066145079, 53.271799017070634], "heft": {"Min": 6710.142642642531, "Max": 9770.960323473542, "Avr": 7839.599963522912}, "ga": {"Min": 7295.2019456624475, "Max": 13456.352033501873, "Avr": 9428.581519186935}}{"wf_name": "Sipht_30", "profit_by_avr": [5.370383692784797, 31.08343219367852, 34.784516312776184], "heft": {"Min": 2939.2822, "Max": 8788.098898084974, "Avr": 4241.6080432292065}, "ga": {"Min": 3022.447702913389, "Max": 10494.463531405578, "Avr": 4482.326156178018}}{"wf_name": "Sipht_60", "profit_by_avr": [15.040907296228657, 39.726683385881465, 48.79233706217342], "heft": {"Min": 3687.6201733333337, "Max": 12422.92135971174, "Avr": 5673.717911398037}, "ga": {"Min": 3912.5513555346038, "Max": 12295.234949308006, "Avr": 6678.176203200179}}{"wf_name": "Sipht_100", "profit_by_avr": [17.90493066520312, 42.07752083445322, 52.4485005686111], "heft": {"Min": 5495.341351349715, "Max": 11205.120612445142, "Avr": 7341.677774066279}, "ga": {"Min": 5551.70080179956, "Max": 13612.687546795205, "Avr": 8942.897342745078}}