{"heft": {"Max": 8970.511899150228, "Min": 5849.473333333334, "Avr": 6269.2099819673995}, "profit_by_avr": -0.7501466513402111, "ga": {"Max": 9164.096969309981, "Min": 5852.6426666666675, "Avr": 6222.5318675345125}, "wf_name": "Epigenomics_24"}