{"cloud_heft": {"Max": 735.7618689373169, "Min": 434.09251971627435, "Avr": 557.3224402681269}, "heft": {"Max": 1791.0033767791517, "Min": 920.3377946337162, "Avr": 1177.2735275730317}, "wf_name": "CyberShake_75", "profit_by_avr": 52.65990212002336}{"cloud_heft": {"Max": 546.6915766326517, "Min": 224.40157019681197, "Avr": 335.419177819987}, "heft": {"Max": 1080.4352016587657, "Min": 574.6459719843776, "Avr": 810.0942402623467}, "wf_name": "Montage_75", "profit_by_avr": 58.59504226182839}{"cloud_heft": {"Max": 80900.3696179856, "Min": 33472.29888613584, "Avr": 50870.04888066514}, "heft": {"Max": 122868.86559268467, "Min": 78728.32740165922, "Avr": 96662.92510485517}, "wf_name": "Epigenomics_72", "profit_by_avr": 47.37377456198038}{"cloud_heft": {"Max": 4237.01839862655, "Min": 2287.227286475171, "Avr": 2896.4374429239597}, "heft": {"Max": 6955.424263179502, "Min": 4595.324777961126, "Avr": 5593.441693610425}, "wf_name": "Inspiral_72", "profit_by_avr": 48.21725868292045}{"cloud_heft": {"Max": 7328.747395187993, "Min": 2378.4648799999995, "Avr": 3153.239450055969}, "heft": {"Max": 9397.651930326856, "Min": 3032.8567999999996, "Avr": 5025.894848655639}, "wf_name": "Sipht_73", "profit_by_avr": 37.260138840759495}