{"heft": {"Min": 254.03199999999998, "Max": 524.4906666666667, "Avr": 274.2727251541872}, "wf_name": "generated\\CyberShake_70", "profit_by_avr": 16.67918315805731, "cloud_heft": {"Min": 195.52641198590996, "Max": 348.9642704359076, "Avr": 228.52627497312517}}