{"ga": {"Avr": 6142.472120077936, "Min": 5852.6426666666675, "Max": 9149.197336272775}, "wf_name": "Epigenomics_24", "heft": {"Avr": 6403.575131088266, "Min": 5849.473333333334, "Max": 9194.837109330792}, "profit_by_avr": -4.250780563689682}