{"heft": {"Max": 9174.722666666665, "Avr": 6463.264080739263, "Min": 5849.473333333334}, "ga": {"Max": 9563.768803125206, "Avr": 6152.24947748102, "Min": 5852.6426666666675}, "wf_name": "Epigenomics_24", "profit_by_avr": -5.055298950353748}