{"heft": {"Max": 5690.83672496114, "Avr": 4996.987570950447, "Min": 4781.895600000001}, "ga": {"Max": 7403.331136122798, "Avr": 5077.01576440935, "Min": 4795.663866666667}, "profit_by_avr": [1.5762841238333936, 25.44677162447666, 26.621942327165282], "wf_name": "Sipht_79"}