{"ga": {"Avr": 6378.991507318685, "Min": 5852.6426666666675, "Max": 9595.138491389805}, "wf_name": "Epigenomics_24", "heft": {"Avr": 6413.590622232774, "Min": 5852.620000000001, "Max": 8724.067174161844}, "profit_by_avr": -0.5423916127555994}