{"wf_name": "Sipht_79", "profit_by_avr": 32.39279640597393, "cloud_heft": {"Min": 3082.2138213333324, "Avr": 3762.714509139451, "Max": 5457.198372353431}, "heft": {"Min": 4770.990992695145, "Avr": 5565.552646925235, "Max": 8005.023270105886}}