{"profit_by_avr": 53.876025301687406, "heft": {"Max": 990.3787998522555, "Avr": 537.8117375220045, "Min": 283.798017507299}, "wf_name": "generated\\CyberShake_30", "cloud_heft": {"Max": 459.78986022502846, "Avr": 248.06014973920475, "Min": 185.89372163854816}}{"profit_by_avr": 52.111035724331, "heft": {"Max": 984.133182488243, "Avr": 534.0349225230461, "Min": 266.624}, "wf_name": "generated\\CyberShake_40", "cloud_heft": {"Max": 531.336814380247, "Avr": 255.74379326665814, "Min": 186.13103476224856}}{"profit_by_avr": 52.433998480763975, "heft": {"Max": 992.2037450106926, "Avr": 557.8445833866125, "Min": 307.00533333333334}, "wf_name": "generated\\CyberShake_50", "cloud_heft": {"Max": 497.07587402902203, "Avr": 265.344363008652, "Min": 195.79799999999997}}{"profit_by_avr": 54.03813128622947, "heft": {"Max": 1239.002705337923, "Avr": 539.0535338547608, "Min": 275.4266666666667}, "wf_name": "generated\\CyberShake_60", "cloud_heft": {"Max": 492.808132468418, "Avr": 247.75907752726567, "Min": 188.499}}{"profit_by_avr": 53.62590739895003, "heft": {"Max": 1005.8470171170014, "Avr": 544.1697549494762, "Min": 272.4773333333334}, "wf_name": "generated\\CyberShake_65", "cloud_heft": {"Max": 452.85088038234034, "Avr": 252.35378606717683, "Min": 186.88931883649855}}{"profit_by_avr": 50.700007511031075, "heft": {"Max": 1253.6734117820497, "Avr": 557.8362452989035, "Min": 268.5146666666667}, "wf_name": "generated\\CyberShake_70", "cloud_heft": {"Max": 507.2925689640502, "Avr": 275.01322703310564, "Min": 204.76766666666668}}{"profit_by_avr": 52.111724941483374, "heft": {"Max": 1076.0659765001947, "Avr": 567.0404673796278, "Min": 305.6785124186926}, "wf_name": "generated\\CyberShake_75", "cloud_heft": {"Max": 489.8516458309052, "Avr": 271.54589871185436, "Min": 209.98394350886113}}{"profit_by_avr": 52.40546031529008, "heft": {"Max": 1077.5991456876454, "Avr": 542.7338431108103, "Min": 297.33611456730034}, "wf_name": "generated\\CyberShake_80", "cloud_heft": {"Max": 514.315133618702, "Avr": 258.3116743417259, "Min": 192.40533333333335}}{"profit_by_avr": 52.09276374598018, "heft": {"Max": 965.1678002047062, "Avr": 522.1405228185026, "Min": 270.97547301048496}, "wf_name": "generated\\CyberShake_90", "cloud_heft": {"Max": 470.9019393767504, "Avr": 250.14309384463434, "Min": 186.366}}{"profit_by_avr": 51.217527358228985, "heft": {"Max": 1237.8094827643038, "Avr": 617.1805463478331, "Min": 349.270755424484}, "wf_name": "generated\\CyberShake_100", "cloud_heft": {"Max": 622.7208047403791, "Avr": 301.07593117246455, "Min": 232.37713854413911}}