{"wf_name": "Epigenomics_24", "profit_by_avr": -5.121681274497147, "heft": {"Min": 5857.412000000001, "Max": 9174.722666666665, "Avr": 6507.438663384528}, "ga": {"Min": 5852.6426666666675, "Max": 11372.190408156455, "Avr": 6190.386782715254}}