{"heft": {"Max": 511.1152835423681, "Avr": 274.58459933095867, "Min": 254.03199999999998}, "profit_by_avr": 16.916409387899712, "wf_name": "generated\\CyberShake_70", "cloud_heft": {"Max": 352.76114133965075, "Avr": 228.13474439200957, "Min": 197.43266666666668}}