{"wf_name": "Epigenomics_24", "ga": {"Min": 5852.460948044571, "Avr": 6222.067335015859, "Max": 9022.818670495693}, "heft": {"Min": 5849.473333333334, "Avr": 6327.023229024065, "Max": 9174.722666666665}, "profit_by_avr": -1.6868331433436357}