{"wf_name": "CyberShake_30", "cloud_heft": {"Avr": 235.552214210978, "Min": 173.01546666666667, "Max": 325.6461717055999}, "profit_by_avr": 53.83638948016332, "heft": {"Avr": 510.2551805599354, "Min": 311.3841450239131, "Max": 1072.2113845017284}}