{"ga": {"Max": 8965.313032271728, "Avr": 6280.973306187922, "Min": 5852.6426666666675}, "wf_name": "Epigenomics_24", "heft": {"Max": 8882.510909864823, "Avr": 6229.749213288867, "Min": 5849.473333333334}, "profit_by_avr": 0.8155438719758545}