{"profit_by_avr": 53.95647608795245, "heft": {"Max": 1011.5540608490021, "Avr": 539.0447617229605, "Min": 270.18000000000006}, "wf_name": "generated\\CyberShake_30", "cloud_heft": {"Max": 712.6362882466942, "Avr": 248.19520376055104, "Min": 186.84633333333332}}{"profit_by_avr": 51.50537801744406, "heft": {"Max": 1021.3702562767896, "Avr": 529.8482593295159, "Min": 300.9483696315369}, "wf_name": "generated\\CyberShake_40", "cloud_heft": {"Max": 601.0800181654765, "Avr": 256.94791044300143, "Min": 191.62251933152552}}{"profit_by_avr": 52.684868810387755, "heft": {"Max": 1010.1267676500388, "Avr": 560.8819398727969, "Min": 321.2064923835702}, "wf_name": "generated\\CyberShake_50", "cloud_heft": {"Max": 493.7767485241956, "Avr": 265.38202566965595, "Min": 200.61433333333335}}{"profit_by_avr": 53.432026367982075, "heft": {"Max": 1008.5160710400685, "Avr": 534.7158376621696, "Min": 275.0199999999999}, "wf_name": "generated\\CyberShake_60", "cloud_heft": {"Max": 472.9625637942161, "Avr": 249.00633028874287, "Min": 182.82266666666666}}{"profit_by_avr": 53.574453367035304, "heft": {"Max": 1037.682362948965, "Avr": 539.9021553216172, "Min": 263.96666666666664}, "wf_name": "generated\\CyberShake_65", "cloud_heft": {"Max": 528.9517964401356, "Avr": 250.65252689121894, "Min": 186.9933333333334}}{"profit_by_avr": 51.020966111195754, "heft": {"Max": 1244.3281927932685, "Avr": 559.2333125614432, "Min": 300.3786666666667}, "wf_name": "generated\\CyberShake_70", "cloud_heft": {"Max": 523.5350722664298, "Avr": 273.9070736769519, "Min": 204.09593333333333}}{"profit_by_avr": 51.835607321086094, "heft": {"Max": 1261.7688470246226, "Avr": 563.6251835614979, "Min": 312.9401519488121}, "wf_name": "generated\\CyberShake_75", "cloud_heft": {"Max": 472.38527402348996, "Avr": 271.4666466478091, "Min": 198.0844000000001}}{"profit_by_avr": 52.9548613440977, "heft": {"Max": 1305.5939303133061, "Avr": 544.0747615345011, "Min": 290.0646368718619}, "wf_name": "generated\\CyberShake_80", "cloud_heft": {"Max": 461.67257441037265, "Avr": 255.96072595567583, "Min": 192.265}}{"profit_by_avr": 51.7179969070212, "heft": {"Max": 1052.1152612986236, "Avr": 517.4064668462083, "Min": 278.2848568135466}, "wf_name": "generated\\CyberShake_90", "cloud_heft": {"Max": 506.18756955578, "Avr": 249.81420632595862, "Min": 184.04166666666669}}{"profit_by_avr": 50.51117123798785, "heft": {"Max": 1261.0205009238277, "Avr": 610.9312234411085, "Min": 351.9620079746506}, "wf_name": "generated\\CyberShake_100", "cloud_heft": {"Max": 607.8451138673614, "Avr": 302.342707022436, "Min": 231.32406666666662}}