{"heft": {"Max": 617.9555338348786, "Min": 251.42399999999995, "Avr": 386.290482287983}, "cloud_heft": {"Max": 328.7873030524347, "Min": 192.3190303842537, "Avr": 226.0640672917459}, "profit_by_avr": 41.47821971880396, "wf_name": "generated\\CyberShake_30"}{"heft": {"Max": 607.3564858543923, "Min": 246.8373333333333, "Avr": 375.5559474215042}, "cloud_heft": {"Max": 335.40942826522036, "Min": 192.90613333333334, "Avr": 231.40476560152646}, "profit_by_avr": 38.383410730063616, "wf_name": "generated\\CyberShake_40"}{"heft": {"Max": 634.8310442991284, "Min": 274.94, "Avr": 404.7073120969526}, "cloud_heft": {"Max": 341.4170567676, "Min": 198.35806666666667, "Avr": 242.5472755230413}, "profit_by_avr": 40.0684721345148, "wf_name": "generated\\CyberShake_50"}{"heft": {"Max": 591.6596558410677, "Min": 243.0093333333333, "Avr": 388.6696627807294}, "cloud_heft": {"Max": 295.0818798006646, "Min": 192.198, "Avr": 224.17832515918673}, "profit_by_avr": 42.32163026172218, "wf_name": "generated\\CyberShake_60"}{"heft": {"Max": 656.876885108369, "Min": 291.7941104156683, "Avr": 410.5368307170899}, "cloud_heft": {"Max": 324.88991787881764, "Min": 208.85040000000004, "Avr": 247.20139809461557}, "profit_by_avr": 39.78581710614716, "wf_name": "generated\\CyberShake_70"}{"heft": {"Max": 710.6455989593717, "Min": 273.83066666666673, "Avr": 401.49759295601115}, "cloud_heft": {"Max": 325.8731940974009, "Min": 201.33461034227773, "Avr": 233.77740582980016}, "profit_by_avr": 41.773646982881594, "wf_name": "generated\\CyberShake_80"}{"heft": {"Max": 606.2369200368199, "Min": 261.5013753293015, "Avr": 362.2302386773749}, "cloud_heft": {"Max": 378.1458279993555, "Min": 183.131, "Avr": 228.42644005895497}, "profit_by_avr": 36.93888149895571, "wf_name": "generated\\CyberShake_90"}{"heft": {"Max": 692.1348640893776, "Min": 321.212653248652, "Avr": 448.245262519832}, "cloud_heft": {"Max": 328.9786, "Min": 243.27519010834462, "Avr": 275.341950384543}, "profit_by_avr": 38.57337189986233, "wf_name": "generated\\CyberShake_100"}