{"heft": {"Max": 439.99531180519665, "Min": 228.4413333333333, "Avr": 244.6239518439156}, "cloud_heft": {"Max": 228.85431974905725, "Min": 182.9578666666667, "Avr": 201.61451794192774}, "profit_by_avr": 17.581857204821215, "wf_name": "CyberShake_30"}