{"wf_name": "Sipht_73", "profit_by_avr": [7.3418134382344675, 27.760564483951335, 33.06424906837332], "ga": {"Min": 3141.66499502228, "Max": 7314.860150748964, "Avr": 4413.602596137588}, "heft": {"Min": 3027.6924666666664, "Max": 6872.640306426452, "Avr": 4089.564127624093}}