{"profit_by_avr": -2.217525168324297, "heft": {"Max": 8869.3873038315, "Min": 5857.412000000001, "Avr": 6389.590325100083}, "wf_name": "Epigenomics_24", "ga": {"Max": 9143.044522010567, "Min": 5852.6426666666675, "Avr": 6250.9734163277535}}