{"heft": {"Max": 1196.2398853333193, "Min": 389.53441707716263, "Avr": 597.4441445556841}, "cloud_heft": {"Max": 417.78604798070955, "Min": 222.6635333333334, "Avr": 284.2515622460878}, "wf_name": "new_generated\\CyberShake_30", "profit_by_avr": 52.422069102797195}