{"wf_name": "CyberShake_30", "heft": {"Min": 228.4413333333333, "Max": 332.5496667862816, "Avr": 243.15306079723229}, "profit_by_avr": 18.435101523560103, "cloud_heft": {"Min": 176.86066666666667, "Max": 248.1390403958915, "Avr": 198.32754718161868}}