{"profit_by_avr": 19.402926978946144, "cloud_heft": {"Min": 186.03933333333336, "Avr": 213.67287399911484, "Max": 266.8746666666667}, "wf_name": "generated\\CyberShake_30", "heft": {"Min": 243.176, "Avr": 265.11244886436316, "Max": 464.44366724976595}}{"profit_by_avr": 19.492175580416436, "cloud_heft": {"Min": 183.94166666666663, "Avr": 213.2656175954217, "Max": 286.5268}, "wf_name": "generated\\CyberShake_40", "heft": {"Min": 246.47066666666663, "Avr": 264.9004853043138, "Max": 428.821043465449}}{"profit_by_avr": 21.406296219205544, "cloud_heft": {"Min": 195.09806666666668, "Avr": 226.42593078970933, "Max": 285.2103427385578}, "wf_name": "generated\\CyberShake_50", "heft": {"Min": 270.17333333333335, "Avr": 288.0967811635821, "Max": 463.83341326585435}}{"profit_by_avr": 19.21495192678745, "cloud_heft": {"Min": 182.2433333333333, "Avr": 209.35492744536165, "Max": 300.548}, "wf_name": "generated\\CyberShake_60", "heft": {"Min": 240.58533333333332, "Avr": 259.1505884302141, "Max": 504.9733333333333}}{"profit_by_avr": 19.438120644128464, "cloud_heft": {"Min": 186.38126666666665, "Avr": 214.55291976802565, "Max": 284.10661753224235}, "wf_name": "generated\\CyberShake_65", "heft": {"Min": 246.75733333333332, "Avr": 266.3206487776511, "Max": 418.7359332357063}}{"profit_by_avr": 17.13574846607655, "cloud_heft": {"Min": 198.75733333333332, "Avr": 228.2365828212294, "Max": 306.2442668644409}, "wf_name": "generated\\CyberShake_70", "heft": {"Min": 254.03199999999998, "Avr": 275.4343140694303, "Max": 519.2581371179498}}{"profit_by_avr": 18.074318522934306, "cloud_heft": {"Min": 204.4048000000001, "Avr": 233.30348185801216, "Max": 284.4053340420349}, "wf_name": "generated\\CyberShake_75", "heft": {"Min": 265.0733333333334, "Avr": 284.7745391331572, "Max": 503.0649317812043}}{"profit_by_avr": 19.545512136112997, "cloud_heft": {"Min": 190.31866666666667, "Avr": 215.60107554342153, "Max": 309.5146666666666}, "wf_name": "generated\\CyberShake_80", "heft": {"Min": 249.33599999999998, "Avr": 267.9789297872055, "Max": 443.4651543618782}}{"profit_by_avr": 19.812091763672413, "cloud_heft": {"Min": 178.53233333333338, "Avr": 206.5141451533713, "Max": 309.1554523810285}, "wf_name": "generated\\CyberShake_90", "heft": {"Min": 239.5573333333333, "Avr": 257.5377631060515, "Max": 515.5775638126393}}{"profit_by_avr": 18.00424710168982, "cloud_heft": {"Min": 231.2096666666667, "Avr": 262.99172280976643, "Max": 358.05966666666666}, "wf_name": "generated\\CyberShake_100", "heft": {"Min": 300.84, "Avr": 320.73822547361027, "Max": 579.8910628515753}}