{"wf_name": "Epigenomics_24", "ga": {"Avr": 10110.203037744752, "Min": 5984.425311471588, "Max": 18644.49665271862}, "profit_by_avr": 4.808042410337809, "heft": {"Avr": 9624.100187918722, "Min": 5859.716, "Max": 17590.697624101354}}