{"profit_by_avr": 29.917659723613667, "wf_name": "CyberShake_30", "heft": {"Min": 236.81333333333336, "Avr": 353.470533968346, "Max": 543.0061162922518}, "ga": {"Min": 299.0102489782996, "Avr": 504.36462677238103, "Max": 902.6222567176428}}{"profit_by_avr": 29.61991119285229, "wf_name": "CyberShake_50", "heft": {"Min": 484.1445378997492, "Avr": 649.2970287644176, "Max": 1021.4676037261279}, "ga": {"Min": 578.9344788427984, "Avr": 922.5578423800964, "Max": 1596.172832676597}}{"profit_by_avr": 23.84264741386084, "wf_name": "CyberShake_100", "heft": {"Min": 1050.0257769394325, "Avr": 1303.699997639731, "Max": 1764.293841406244}, "ga": {"Min": 1258.0186130603788, "Avr": 1711.8504692835238, "Max": 2279.6587668138372}}{"profit_by_avr": 47.54397771630823, "wf_name": "Montage_25", "heft": {"Min": 83.22533333333332, "Avr": 171.93012952685703, "Max": 258.8510877116583}, "ga": {"Min": 78.63866666666667, "Avr": 327.7605164132107, "Max": 644.7379084575999}}{"profit_by_avr": 40.5875605725473, "wf_name": "Montage_50", "heft": {"Min": 176.67866666666666, "Avr": 348.8719167499372, "Max": 527.0785422980895}, "ga": {"Min": 325.74553191153524, "Avr": 587.2034882121571, "Max": 971.7515169417366}}{"profit_by_avr": 34.80796526150055, "wf_name": "Montage_100", "heft": {"Min": 468.41900623979694, "Avr": 698.6867684864582, "Max": 1021.9272127985563}, "ga": {"Min": 704.5927821934185, "Avr": 1071.7364035177836, "Max": 1686.831181191625}}{"profit_by_avr": 2.780799417820612, "wf_name": "Epigenomics_24", "heft": {"Min": 5859.716, "Avr": 7703.202884993864, "Max": 11643.043337013964}, "ga": {"Min": 5854.851522234536, "Avr": 7923.5406574675, "Max": 13441.00791357855}}{"profit_by_avr": 7.4662807922709735, "wf_name": "Epigenomics_46", "heft": {"Min": 11559.352000000003, "Avr": 14819.388617934957, "Max": 20913.56752865963}, "ga": {"Min": 11656.80666666667, "Avr": 16015.12264374341, "Max": 30958.334389394025}}{"profit_by_avr": 8.767404592229333, "wf_name": "Epigenomics_100", "heft": {"Min": 107157.5095764603, "Avr": 126603.04716829136, "Max": 154987.7760438215}, "ga": {"Min": 112082.94805692698, "Avr": 138769.53363261223, "Max": 192132.45999952056}}{"profit_by_avr": 10.758994791830535, "wf_name": "Inspiral_30", "heft": {"Min": 1814.707605350053, "Avr": 2426.842462019708, "Max": 3211.3357711692724}, "ga": {"Min": 1928.5653807105214, "Avr": 2719.4252870176606, "Max": 4109.545762115336}}{"profit_by_avr": 11.2933124274193, "wf_name": "Inspiral_50", "heft": {"Min": 3319.2357661869364, "Avr": 3947.3249257688685, "Max": 5164.643036459422}, "ga": {"Min": 3276.325517613511, "Avr": 4449.861711428609, "Max": 7045.123543357917}}{"profit_by_avr": 11.654530830412268, "wf_name": "Inspiral_100", "heft": {"Min": 5831.772483395623, "Avr": 6643.675648983019, "Max": 7738.58652542265}, "ga": {"Min": 6172.095923887854, "Avr": 7520.109080217613, "Max": 9973.091861451812}}{"profit_by_avr": 1.4910559147898517, "wf_name": "Sipht_30", "heft": {"Min": 2939.2822, "Avr": 3531.5225976357538, "Max": 7967.013253173614}, "ga": {"Min": 2939.2822, "Avr": 3584.97660332344, "Max": 7827.2468850538835}}{"profit_by_avr": 5.862539021796243, "wf_name": "Sipht_60", "heft": {"Min": 3687.6201733333337, "Avr": 4675.917206373201, "Max": 8971.040462540168}, "ga": {"Min": 3687.6201733333337, "Avr": 4967.116340067687, "Max": 8770.189732135554}}{"profit_by_avr": 13.071254811530475, "wf_name": "Sipht_100", "heft": {"Min": 4863.100600000001, "Avr": 6215.115400433853, "Max": 10199.085016325542}, "ga": {"Min": 4995.3797225600365, "Avr": 7149.666530856865, "Max": 14132.953401770206}}