{"heft": {"Max": 9303.828379855486, "Avr": 6444.28880792563, "Min": 5849.473333333334}, "wf_name": "Epigenomics_24", "profit_by_avr": -2.085450035266656, "ga": {"Max": 9252.352800948645, "Avr": 6312.641816928242, "Min": 5852.6426666666675}}