{"heft": {"Max": 347.80059913624615, "Avr": 247.95855070269602, "Min": 228.30133333333333}, "ga": {"Max": 440.35872243880596, "Avr": 284.6380332354296, "Min": 229.268}, "wf_name": "CyberShake_30", "profit_by_avr": 12.88636030673922}{"heft": {"Max": 591.6245952754292, "Avr": 473.54630876224576, "Min": 418.872}, "ga": {"Max": 761.4598726840989, "Avr": 530.9161514335728, "Min": 454.57866666666666}, "wf_name": "CyberShake_50", "profit_by_avr": 10.805819810984808}{"heft": {"Max": 1042.2167727230005, "Avr": 915.7588658799807, "Min": 843.7146666666666}, "ga": {"Max": 1340.351360080676, "Avr": 1040.8536008081026, "Min": 874.6957944870352}, "wf_name": "CyberShake_100", "profit_by_avr": 12.018475492711012}{"heft": {"Max": 137.61830028126604, "Avr": 95.21357956159937, "Min": 83.22533333333332}, "ga": {"Max": 297.25608251480503, "Avr": 137.540426111675, "Min": 78.63866666666667}, "wf_name": "Montage_25", "profit_by_avr": 30.77411328921479}{"heft": {"Max": 257.80631991747924, "Avr": 188.01844812515398, "Min": 152.14666666666665}, "ga": {"Max": 374.265870085834, "Avr": 237.69788009027704, "Min": 147.87333333333333}, "wf_name": "Montage_50", "profit_by_avr": 20.900241914759587}{"heft": {"Max": 472.70093012113995, "Avr": 366.26359578717233, "Min": 314.6860175841472}, "ga": {"Max": 657.8477725457749, "Avr": 464.935992297276, "Min": 337.8029786333611}, "wf_name": "Montage_100", "profit_by_avr": 21.22279155514667}{"heft": {"Max": 9987.953654741319, "Avr": 6329.345249709011, "Min": 5857.412000000001}, "ga": {"Max": 8792.912447391078, "Avr": 6144.59418500018, "Min": 5852.6426666666675}, "wf_name": "Epigenomics_24", "profit_by_avr": -3.0067252473700234}{"heft": {"Max": 15550.724582086215, "Avr": 12350.57360475096, "Min": 11513.738188400088}, "ga": {"Max": 18025.341033334164, "Avr": 12514.751500269716, "Min": 11656.80666666667}, "wf_name": "Epigenomics_46", "profit_by_avr": 1.3118749942035879}{"heft": {"Max": 124411.11031105397, "Avr": 110016.79772786073, "Min": 104522.21333333335}, "ga": {"Max": 138250.35321785096, "Avr": 114346.72848486548, "Min": 108040.508}, "wf_name": "Epigenomics_100", "profit_by_avr": 3.7866678079713}{"heft": {"Max": 2338.173536662811, "Avr": 1972.245909713063, "Min": 1852.8687831138263}, "ga": {"Max": 2924.6120582404174, "Avr": 2068.1193184414856, "Min": 1906.6333333333334}, "wf_name": "Inspiral_30", "profit_by_avr": 4.635777436703792}{"heft": {"Max": 3804.57847804385, "Avr": 3297.10682805769, "Min": 3130.145333333333}, "ga": {"Max": 4070.519490088161, "Avr": 3322.364342069045, "Min": 3130.145333333333}, "wf_name": "Inspiral_50", "profit_by_avr": 0.7602270976585723}{"heft": {"Max": 5854.628356054237, "Avr": 5563.747301601747, "Min": 5360.3561612142175}, "ga": {"Max": 6635.05837972315, "Avr": 5859.096239374943, "Min": 5416.935999999999}, "wf_name": "Inspiral_100", "profit_by_avr": 5.040861691063547}{"heft": {"Max": 4895.820083846961, "Avr": 3077.07218320711, "Min": 2939.2822}, "ga": {"Max": 5374.028659427454, "Avr": 3057.2785241183387, "Min": 2939.2822}, "wf_name": "Sipht_30", "profit_by_avr": -0.647427407500567}{"heft": {"Max": 5371.375702521219, "Avr": 3856.4308145970163, "Min": 3687.6201733333337}, "ga": {"Max": 8683.768722743192, "Avr": 3933.005596386171, "Min": 3687.6201733333337}, "wf_name": "Sipht_60", "profit_by_avr": 1.946978714180203}{"heft": {"Max": 6725.239466666667, "Avr": 5233.616305278298, "Min": 4855.321400000001}, "ga": {"Max": 7466.963108463117, "Avr": 5238.65759037752, "Min": 4885.471333333333}, "wf_name": "Sipht_100", "profit_by_avr": 0.09623238419862457}