{"heft": {"Max": 9364.9990076528, "Avr": 6279.049602882645, "Min": 5849.473333333334}, "wf_name": "Epigenomics_24", "profit_by_avr": -0.4279781235827951, "ga": {"Max": 11580.56718925822, "Avr": 6252.291164475987, "Min": 5852.6426666666675}}