{"heft": {"Max": 6727.800866666667, "Avr": 5280.412326031751, "Min": 4855.321400000001}, "ga": {"Max": 7444.183542726267, "Avr": 5364.531477273229, "Min": 4885.471333333333}, "wf_name": "Sipht_100", "profit_by_avr": 1.56806147187033}