{"ga": {"Min": 5852.6426666666675, "Avr": 6164.601676725116, "Max": 8659.981596006437}, "profit_by_avr": -4.433616061098533, "heft": {"Min": 5849.473333333334, "Avr": 6437.91644676715, "Max": 8594.699239260543}, "wf_name": "Epigenomics_24"}