{"wf_name": "Epigenomics_24", "ga": {"Min": 5852.6426666666675, "Avr": 6247.918860669812, "Max": 9519.582112225167}, "heft": {"Min": 5849.473333333334, "Avr": 6280.946989167237, "Max": 11014.531015083725}, "profit_by_avr": -0.5286260790826613}