{"ga": {"Avr": 6165.728051776237, "Max": 9042.549260374673, "Min": 5852.6426666666675}, "heft": {"Avr": 6437.56500424537, "Max": 8585.403304407562, "Min": 5849.473333333334}, "wf_name": "Epigenomics_24", "profit_by_avr": -4.408837856395897}