{"wf_name": "Inspiral_72", "ga": {"Min": 0, "Avr": 4700, "Max": 0}, "profit_by_avr": [17.95951165939852, 23.886057616716517, 37.555749973470185], "heft": {"Min": 3611.4266666666663, "Avr": 3855.9029520082695, "Max": 4242.0913676962045}}