{"wf_name": "Epigenomics_24", "heft": {"Min": 5849.473333333334, "Max": 9224.229332434485, "Avr": 6312.891532371166}, "profit_by_avr": 0.4952528515242971, "ga": {"Min": 5852.6426666666675, "Max": 9545.085132158702, "Avr": 6344.311918054929}}