{"heft": {"Max": 320.07127514045567, "Avr": 242.47695327582431, "Min": 228.4413333333333}, "profit_by_avr": 17.13070566635382, "wf_name": "CyberShake_30", "cloud_heft": {"Max": 233.43966666666665, "Avr": 200.9389401014006, "Min": 181.163}}