{"ga": {"Max": 0, "Avr": 4700, "Min": 0}, "wf_name": "Inspiral_72", "heft": {"Max": 5502.906285772994, "Avr": 4615.186317923415, "Min": 4064.143723188318}, "profit_by_avr": [1.8045464271613798, 38.49251445525101, 39.60244558808558]}