{"heft": {"Max": 8778.01174718395, "Min": 5849.473333333334, "Avr": 6245.905878136287}, "ga": {"Max": 9534.953828729444, "Min": 5852.6426666666675, "Avr": 6091.829305748226}, "profit_by_avr": -2.5292332508837, "wf_name": "Epigenomics_24"}