{"heft": {"Max": 353.408, "Avr": 248.98371160429167, "Min": 229.42799999999997}, "ga": {"Max": 450.09347067554376, "Avr": 283.1147969248561, "Min": 229.268}, "wf_name": "CyberShake_30", "profit_by_avr": [12.0555639236417, 20.04450701535744, 29.683592582583874]}