{"heft": {"Max": 976.4188597277333, "Min": 373.6554244470153, "Avr": 571.9905398071079}, "cloud_heft": {"Max": 479.1952846527386, "Min": 231.06020685248615, "Avr": 287.94017628655564}, "wf_name": "new_generated\\CyberShake_30", "profit_by_avr": 49.65997577798095}{"heft": {"Max": 1315.6261820751877, "Min": 657.5610311242168, "Avr": 870.8332303945322}, "cloud_heft": {"Max": 616.8343020340715, "Min": 321.68257150297086, "Avr": 409.16443495600424}, "wf_name": "new_generated\\CyberShake_50", "profit_by_avr": 53.01460478596669}{"heft": {"Max": 1518.3022088565067, "Min": 905.2946335656195, "Avr": 1178.5235378077923}, "cloud_heft": {"Max": 860.487770842234, "Min": 427.31273535506205, "Avr": 554.5661930024232}, "wf_name": "new_generated\\CyberShake_75", "profit_by_avr": 52.94398667386917}{"heft": {"Max": 2085.1517568089066, "Min": 1245.7728270665284, "Avr": 1605.6332036941117}, "cloud_heft": {"Max": 1124.8941946332582, "Min": 576.1493232076174, "Avr": 732.79042905512}, "wf_name": "new_generated\\CyberShake_100", "profit_by_avr": 54.36128081001472}