{"profit_by_avr": -1.1413264553546965, "wf_name": "Epigenomics_24", "heft": {"Min": 5849.473333333334, "Avr": 6281.288783505995, "Max": 8593.149531824783}, "ga": {"Min": 5852.6426666666675, "Avr": 6210.407756792324, "Max": 9650.095872070893}}