{"ga": {"Avr": 617.160860358308, "Max": 790.2814223836579, "Min": 505.4466666666666}, "heft": {"Avr": 540.0364257427685, "Max": 612.0551070297373, "Min": 502.91199999999986}, "wf_name": "CyberShake_75", "profit_by_avr": [12.496650317514135, 22.30683346603064, 32.015876808384704]}{"ga": {"Avr": 346.814380881581, "Max": 615.7702179506055, "Min": 219.5533333333333}, "heft": {"Avr": 275.19820470055697, "Max": 350.99739576613547, "Min": 224.42533333333338}, "wf_name": "Montage_75", "profit_by_avr": [20.649713543879024, 24.440669207909515, 40.04345457214817]}{"ga": {"Avr": 75585.08883089827, "Max": 103920.7389520271, "Min": 71337.99066666665}, "heft": {"Avr": 73028.06351620126, "Max": 85409.71157481415, "Min": 68120.53733333334}, "wf_name": "Epigenomics_72", "profit_by_avr": [3.3829758676578114, 24.399387258301097, 26.956937743154207]}