{"heft": {"Min": 410.35200000000003, "Max": 505.8525160404177, "Avr": 436.3407086710623}, "wf_name": "CyberShake_50", "cloud_heft": {"Min": 281.616, "Max": 399.58833333333337, "Avr": 323.8529742507841}, "profit_by_avr": 25.779793676110497}