{"profit_by_avr": [15.84058664250023, 19.68365008882288, 32.40623108459655], "wf_name": "CyberShake_30", "heft": {"Min": 228.30133333333333, "Avr": 244.68990480752691, "Max": 359.78212723242535}, "ga": {"Min": 229.268, "Avr": 290.74573484502747, "Max": 645.3581667773332}}{"profit_by_avr": [14.59059872937999, 28.289714021042034, 38.752674095922636], "wf_name": "CyberShake_50", "heft": {"Min": 414.36533333333335, "Avr": 475.8494323520123, "Max": 574.2192803924363}, "ga": {"Min": 454.57866666666666, "Avr": 557.1394076915275, "Max": 715.4483631589021}}{"profit_by_avr": [12.712624658744287, 26.1692634605352, 35.55508787958374], "wf_name": "CyberShake_100", "heft": {"Min": 842.1344229072539, "Avr": 914.244926487172, "Max": 1037.794432938453}, "ga": {"Min": 874.4823302538, "Avr": 1047.3965140008754, "Max": 1384.3964760215595}}{"profit_by_avr": [23.12657417964613, 22.237082654505123, 40.22098141866791], "wf_name": "Montage_25", "heft": {"Min": 83.22533333333332, "Avr": 101.34627117048167, "Max": 151.68666666666667}, "ga": {"Min": 78.63866666666667, "Avr": 131.83524747201795, "Max": 251.05294785289874}}{"profit_by_avr": [22.088687034450505, 24.05760055486127, 40.83227949475023], "wf_name": "Montage_50", "heft": {"Min": 152.14666666666665, "Avr": 185.68700861066765, "Max": 262.0742819650966}, "ga": {"Min": 147.87333333333333, "Avr": 238.3312532453072, "Max": 471.6893192073317}}{"profit_by_avr": [20.888392072177588, 23.818119234224277, 39.731289176538354], "wf_name": "Montage_100", "heft": {"Min": 303.4066666666666, "Avr": 366.2107157734468, "Max": 451.75179634374376}, "ga": {"Min": 342.1152985243651, "Avr": 462.9038966159804, "Max": 610.8354904461692}}{"profit_by_avr": [-2.8631625248460857, 16.781328665136343, 14.398642853801691], "wf_name": "Epigenomics_24", "heft": {"Min": 5852.620000000001, "Avr": 6429.775411842245, "Max": 9017.02251624027}, "ga": {"Min": 5852.6426666666675, "Avr": 6250.804713776095, "Max": 13016.949705307716}}{"profit_by_avr": [-0.06986775728534678, 21.962856453879077, 21.908333651833868], "wf_name": "Epigenomics_46", "heft": {"Min": 11513.651821487272, "Avr": 12512.189995984361, "Max": 17751.995154098302}, "ga": {"Min": 11656.80666666667, "Avr": 12503.454113012398, "Max": 17248.45111337331}}{"profit_by_avr": [4.5568967098683295, 24.372669156346994, 27.81892850732265], "wf_name": "Epigenomics_100", "heft": {"Min": 104521.36000000002, "Avr": 110471.42392486474, "Max": 121230.62046941857}, "ga": {"Min": 108040.508, "Avr": 115745.8424094294, "Max": 162756.73495016916}}{"profit_by_avr": [1.8092567113494273, 23.508956029751637, 24.8928753763646], "wf_name": "Inspiral_30", "heft": {"Min": 1852.1329233144286, "Avr": 1992.9304713800013, "Max": 2449.221924608068}, "ga": {"Min": 1906.6333333333334, "Avr": 2029.6520879991701, "Max": 2622.02375148983}}{"profit_by_avr": [3.4113014791329, 22.378148399788234, 25.026063771556593], "wf_name": "Inspiral_50", "heft": {"Min": 3130.145333333333, "Avr": 3296.3361817057635, "Max": 3668.6544626263085}, "ga": {"Min": 3130.145333333333, "Avr": 3412.7555626951744, "Max": 4334.25857236386}}{"profit_by_avr": [5.167614642920537, 23.540616533856596, 27.491742829739785], "wf_name": "Inspiral_100", "heft": {"Min": 5351.714936117582, "Avr": 5560.524429218947, "Max": 5888.489973532102}, "ga": {"Min": 5416.935999999999, "Avr": 5863.52901309135, "Max": 6839.346774521048}}{"profit_by_avr": [-0.11775255718793343, 6.807037105650881, 6.697300008723572], "wf_name": "Sipht_30", "heft": {"Min": 2939.2822, "Avr": 3068.646609424846, "Max": 5377.018591592998}, "ga": {"Min": 2939.2822, "Avr": 3065.0374494493512, "Max": 4721.788634851322}}{"profit_by_avr": [1.7651455215005885, 20.078617277222477, 21.489345985074927], "wf_name": "Sipht_60", "heft": {"Min": 3687.6201733333337, "Avr": 3897.0164337278907, "Max": 5284.325422174972}, "ga": {"Min": 3687.6201733333337, "Avr": 3967.0404709367467, "Max": 6172.131230476294}}{"profit_by_avr": [0.7934078543545109, 19.829014360582242, 20.465097257558806], "wf_name": "Sipht_100", "heft": {"Min": 4855.321400000001, "Avr": 5235.900678742542, "Max": 6725.239466666667}, "ga": {"Min": 4885.471333333333, "Avr": 5277.774959808821, "Max": 7524.781967750553}}