{"profit_by_avr": 14.153712557290776, "heft": {"Max": 338.59066666666666, "Avr": 246.41590494963407, "Min": 228.30133333333333}, "ga": {"Max": 487.63871956898737, "Avr": 287.04317017096787, "Min": 229.268}, "wf_name": "CyberShake_30"}{"profit_by_avr": 11.61079693627547, "heft": {"Max": 531.1386666666667, "Avr": 471.8873772157663, "Min": 416.16610232120814}, "ga": {"Max": 754.868710249769, "Avr": 533.8744562223933, "Min": 454.57866666666666}, "wf_name": "CyberShake_50"}{"profit_by_avr": 13.119998084705841, "heft": {"Max": 1045.003865756753, "Avr": 916.6370653032833, "Min": 851.8119999999996}, "ga": {"Max": 1326.637638013257, "Avr": 1055.061055589043, "Min": 866.9440000000001}, "wf_name": "CyberShake_100"}{"profit_by_avr": 26.447350717068517, "heft": {"Max": 126.60597880926012, "Avr": 96.50829418740614, "Min": 83.22533333333332}, "ga": {"Max": 298.5278239743275, "Avr": 131.20981382488654, "Min": 78.63866666666667}, "wf_name": "Montage_25"}{"profit_by_avr": 21.294567417438827, "heft": {"Max": 253.18575889362123, "Avr": 185.20389401458098, "Min": 152.14666666666665}, "ga": {"Max": 381.47617509990386, "Avr": 235.3127197672207, "Min": 147.87333333333333}, "wf_name": "Montage_50"}{"profit_by_avr": 19.108938901580753, "heft": {"Max": 473.81295123780046, "Avr": 369.4125963228747, "Min": 310.51466666666664}, "ga": {"Max": 701.0582727412864, "Avr": 456.67913278256367, "Min": 342.2185171882256}, "wf_name": "Montage_100"}{"profit_by_avr": -1.9096300395994525, "heft": {"Max": 8801.421006370983, "Avr": 6293.171398757191, "Min": 5849.473333333334}, "ga": {"Max": 10500.137642320546, "Avr": 6175.247026519306, "Min": 5852.6426666666675}, "wf_name": "Epigenomics_24"}{"profit_by_avr": 1.2502670049157616, "heft": {"Max": 15132.343868098224, "Avr": 12424.105418400453, "Min": 11514.243267005806}, "ga": {"Max": 17456.58089462236, "Avr": 12581.406593796994, "Min": 11656.80666666667}, "wf_name": "Epigenomics_46"}{"profit_by_avr": 4.318296526551424, "heft": {"Max": 118222.57494438971, "Avr": 109939.36782132955, "Min": 104522.21333333335}, "ga": {"Max": 150811.87148126587, "Avr": 114901.13974803704, "Min": 108040.508}, "wf_name": "Epigenomics_100"}{"profit_by_avr": 3.739353466764328, "heft": {"Max": 2341.4195514678386, "Avr": 1985.8556051524447, "Min": 1847.9539393905163}, "ga": {"Max": 2698.7677931220205, "Avr": 2062.998407627351, "Min": 1906.6333333333334}, "wf_name": "Inspiral_30"}{"profit_by_avr": 1.4367768670872305, "heft": {"Max": 3767.5107021109325, "Avr": 3293.0902387781343, "Min": 3128.529333333333}, "ga": {"Max": 4112.283062845754, "Avr": 3341.0943089162106, "Min": 3130.145333333333}, "wf_name": "Inspiral_50"}{"profit_by_avr": 4.805384052542038, "heft": {"Max": 5861.725737646596, "Avr": 5557.505612347617, "Min": 5390.073333333335}, "ga": {"Max": 7930.554364290647, "Avr": 5838.0461510712385, "Min": 5416.935999999999}, "wf_name": "Inspiral_100"}{"profit_by_avr": -0.6223429739283581, "heft": {"Max": 4227.443147918879, "Avr": 3049.9355758145834, "Min": 2939.2822}, "ga": {"Max": 4538.506757609091, "Avr": 3031.0719127309862, "Min": 2939.2822}, "wf_name": "Sipht_30"}{"profit_by_avr": 2.4718101125961844, "heft": {"Max": 6296.312405720247, "Avr": 3860.40644607753, "Min": 3687.6201733333337}, "ga": {"Max": 6150.950083954011, "Avr": 3958.2467905272974, "Min": 3687.6201733333337}, "wf_name": "Sipht_60"}{"profit_by_avr": -1.191139917415418, "heft": {"Max": 7021.399576953221, "Avr": 5376.92894471695, "Min": 4855.321400000001}, "ga": {"Max": 7747.466897750663, "Avr": 5313.63610401582, "Min": 4885.471333333333}, "wf_name": "Sipht_100"}