{"profit_by_avr": [-17.785551731034243, 46.32441220287527, 36.77791276828095], "wf_name": "Inspiral_72", "heft": {"Min": 4519.015415941038, "Avr": 5535.92093135861, "Max": 6655.710917488026}, "ga": {"Min": 0, "Avr": 4700, "Max": 0}}