{"wf_name": "Epigenomics_24", "ga": {"Min": 5852.6426666666675, "Avr": 6260.0065184381765, "Max": 11068.910595710497}, "profit_by_avr": -3.5739278763759375, "heft": {"Min": 5849.473333333334, "Avr": 6483.73463646359, "Max": 9324.950700380052}}