{"heft": {"Max": 1621.2414536693107, "Avr": 1167.592834886403, "Min": 897.2713311784959}, "ga": {"Max": 2257.375196978866, "Avr": 1518.4758892452016, "Min": 1031.7697880966507}, "wf_name": "CyberShake_75", "profit_by_avr": [23.1075815456783, 51.83679583619229, 62.96614751335567]}{"heft": {"Max": 1105.7273234539873, "Avr": 783.8679086644945, "Min": 556.176479673121}, "ga": {"Max": 1840.903561773031, "Avr": 1362.0709804041346, "Min": 831.9397138873068}, "wf_name": "Montage_75", "profit_by_avr": [42.45028930636815, 55.01613759113877, 74.11191732487895]}{"heft": {"Max": 142535.42412294267, "Avr": 97883.57811164914, "Min": 76749.5742581211}, "ga": {"Max": 185826.64189113368, "Avr": 113083.83638775756, "Min": 83206.66573650163}, "wf_name": "Epigenomics_72", "profit_by_avr": [13.441583485006348, 49.796559469810376, 56.54469684102133]}