{"ga": {"Avr": 6167.25802933012, "Min": 5852.6426666666675, "Max": 9468.12321743119}, "wf_name": "Epigenomics_24", "heft": {"Avr": 6250.942631627661, "Min": 5849.473333333334, "Max": 9175.2935022334}, "profit_by_avr": -1.3569174809867857}