{"wf_name": "generated\\CyberShake_30", "profit_by_avr": 18.133517752404604, "heft": {"Avr": 262.20270534622637, "Min": 243.176, "Max": 352.85609773194034}, "cloud_heft": {"Avr": 214.65613122498328, "Min": 193.91466666666665, "Max": 245.2899819641134}}{"wf_name": "generated\\CyberShake_40", "profit_by_avr": 20.444144451554934, "heft": {"Avr": 266.61146916550695, "Min": 246.47066666666663, "Max": 347.8945144560224}, "cloud_heft": {"Avr": 212.10503528489787, "Min": 192.43899999999996, "Max": 235.4994237370748}}{"wf_name": "generated\\CyberShake_50", "profit_by_avr": 21.740907446953784, "heft": {"Avr": 288.2921234563611, "Min": 271.25066666666663, "Max": 370.304}, "cloud_heft": {"Avr": 225.6147997188559, "Min": 198.9846666666666, "Max": 262.30899999999997}}{"wf_name": "generated\\CyberShake_60", "profit_by_avr": 18.262705785753397, "heft": {"Avr": 257.0698434964253, "Min": 240.58533333333332, "Max": 384.46000000000004}, "cloud_heft": {"Avr": 210.1219343147764, "Min": 181.35913333333335, "Max": 247.57039999999995}}{"wf_name": "generated\\CyberShake_70", "profit_by_avr": 17.062266486481835, "heft": {"Avr": 274.45901931831986, "Min": 254.03199999999998, "Max": 433.32283847032807}, "cloud_heft": {"Avr": 227.63009004604345, "Min": 207.04739999999998, "Max": 283.08000000000015}}{"wf_name": "generated\\CyberShake_80", "profit_by_avr": 19.10343614017699, "heft": {"Avr": 266.9239324241624, "Min": 249.33599999999998, "Max": 392.3464341969699}, "cloud_heft": {"Avr": 215.93228945066335, "Min": 200.20999999999998, "Max": 248.37533333333332}}{"wf_name": "generated\\CyberShake_90", "profit_by_avr": 19.19104291172792, "heft": {"Avr": 255.42203139386257, "Min": 239.95466666666667, "Max": 411.3253333333334}, "cloud_heft": {"Avr": 206.40387974305924, "Min": 178.17799999999997, "Max": 285.9773376286669}}{"wf_name": "generated\\CyberShake_100", "profit_by_avr": 17.821373715998355, "heft": {"Avr": 318.20838659542864, "Min": 300.84, "Max": 408.06399999999996}, "cloud_heft": {"Avr": 261.4992808246085, "Min": 230.30224825944254, "Max": 301.22241844123175}}