{"cloud_heft": {"Max": 224.94350732042534, "Avr": 202.00890107545987, "Min": 184.74}, "heft": {"Max": 330.38186969601605, "Avr": 244.06202708182312, "Min": 228.4413333333333}, "wf_name": "CyberShake_30", "profit_by_avr": 17.230507551371232}