{"heft": {"Max": 357.08666666666676, "Avr": 240.47459992956922, "Min": 228.4413333333333}, "profit_by_avr": 0.37404082389993487, "wf_name": "CyberShake_30", "cloud_heft": {"Max": 366.41818286766727, "Avr": 239.5751267547226, "Min": 187.20133333333334}}