{"cloud_heft": {"Max": 605.1052083612628, "Avr": 248.05607903436908, "Min": 200.5942417079733}, "heft": {"Max": 926.2927441500029, "Avr": 543.2429790181568, "Min": 294.9409240705954}, "wf_name": "generated\\CyberShake_30", "profit_by_avr": 54.33791349081047}{"cloud_heft": {"Max": 464.5032301683794, "Avr": 250.48556031960487, "Min": 182.44133333333332}, "heft": {"Max": 781.1300779916477, "Avr": 530.3799320801064, "Min": 280.56427818098916}, "wf_name": "generated\\CyberShake_40", "profit_by_avr": 52.77242874985464}{"cloud_heft": {"Max": 339.6123510572315, "Avr": 258.9435457779729, "Min": 212.06693333333334}, "heft": {"Max": 1105.2078076051391, "Avr": 548.723435551578, "Min": 339.27204867118365}, "wf_name": "generated\\CyberShake_50", "profit_by_avr": 52.80982567881718}{"cloud_heft": {"Max": 363.19133689757257, "Avr": 243.12036093671514, "Min": 193.05920000000003}, "heft": {"Max": 935.7814777464412, "Avr": 514.3710707066596, "Min": 308.11646544447433}, "wf_name": "generated\\CyberShake_60", "profit_by_avr": 52.73444118801072}{"cloud_heft": {"Max": 448.75405817667456, "Avr": 277.3058519320668, "Min": 215.12366666666668}, "heft": {"Max": 873.875432567682, "Avr": 547.987667265523, "Min": 325.2905646989486}, "wf_name": "generated\\CyberShake_70", "profit_by_avr": 49.3956034967297}{"cloud_heft": {"Max": 378.3450149376503, "Avr": 256.5969585640437, "Min": 201.37666666666667}, "heft": {"Max": 791.2525939839987, "Avr": 538.7728453753738, "Min": 340.393719233439}, "wf_name": "generated\\CyberShake_80", "profit_by_avr": 52.3738137943334}{"cloud_heft": {"Max": 387.2764155265778, "Avr": 244.87811611700792, "Min": 186.80013333333335}, "heft": {"Max": 961.4961852803108, "Avr": 522.5246112023463, "Min": 303.1973911207911}, "wf_name": "generated\\CyberShake_90", "profit_by_avr": 53.135582350171916}{"cloud_heft": {"Max": 518.7528008785055, "Avr": 302.371921743521, "Min": 240.45339999999996}, "heft": {"Max": 1026.9100738330055, "Avr": 620.9792900196569, "Min": 409.886039533367}, "wf_name": "generated\\CyberShake_100", "profit_by_avr": 51.307245410076476}