{"profit_by_avr": -1.6678829362214431, "wf_name": "Epigenomics_24", "heft": {"Min": 5849.473333333334, "Avr": 6399.400203018349, "Max": 10231.975204970851}, "ga": {"Min": 5852.6426666666675, "Avr": 6294.416700928884, "Max": 10173.88854912804}}