{"profit_by_avr": -2.222455729326822, "wf_name": "Epigenomics_24", "heft": {"Min": 5849.473333333334, "Avr": 6329.077360453806, "Max": 9581.682509267892}, "ga": {"Min": 5852.6426666666675, "Avr": 6191.474578944247, "Max": 8996.090190684337}}