{"profit_by_avr": [10.39188122182092, 34.89541600116961, 41.6610070402887], "wf_name": "Sipht_73", "heft": {"Min": 3027.6924666666664, "Avr": 4936.74794992126, "Max": 9280.100157198796}, "ga": {"Min": 3387.1723543811822, "Avr": 5509.264135029953, "Max": 10082.422177579041}}