{"profit_by_avr": [28.091158522210357, 40.12915736426997, 56.94757067765601], "ga": {"Avr": 501.65857541571347, "Max": 809.9889371242045, "Min": 289.9639690225508}, "wf_name": "CyberShake_30", "heft": {"Avr": 360.7368697554232, "Max": 527.0129609897464, "Min": 241.07387315784655}}{"profit_by_avr": [28.670564263647613, 40.23957354620169, 57.3732250168678], "ga": {"Avr": 897.0880343516973, "Max": 1366.6571346948106, "Min": 613.2881951495729}, "wf_name": "CyberShake_50", "heft": {"Avr": 639.8878329614007, "Max": 919.2209815372703, "Min": 493.1615525715119}}{"profit_by_avr": [26.215176727872414, 40.610407866760454, 56.17949440245182], "ga": {"Avr": 1761.7092213173796, "Max": 2299.1600672259647, "Min": 1354.113616040374}, "wf_name": "CyberShake_100", "heft": {"Avr": 1299.8740355178036, "Max": 1494.4179599838283, "Min": 1026.8384961850738}}{"profit_by_avr": [55.08811998402836, 43.02042624605018, 74.409402202014], "ga": {"Avr": 368.4112553147877, "Max": 742.3680063411396, "Min": 162.5235899646931}, "wf_name": "Montage_25", "heft": {"Avr": 165.46042095231238, "Max": 267.3299980810355, "Min": 101.26289225014179}}{"profit_by_avr": [42.170839540024204, 47.22196190972462, 69.47890366514751], "ga": {"Avr": 601.5247690446967, "Max": 945.5327521164581, "Min": 368.66236191171816}, "wf_name": "Montage_50", "heft": {"Avr": 347.8567238973564, "Max": 552.2286948689532, "Min": 237.98739547775557}}{"profit_by_avr": [33.94962471482299, 45.993232301431696, 64.32832725570188], "ga": {"Avr": 1067.8048296368286, "Max": 1517.084370345372, "Min": 700.6339772248621}, "wf_name": "Montage_100", "heft": {"Avr": 705.2890972883703, "Max": 938.7914255913247, "Min": 526.4441996991739}}{"profit_by_avr": [4.650135279309609, 39.0175859747027, 41.8533507234677], "ga": {"Avr": 8430.175464958551, "Max": 18082.75751448285, "Min": 5892.881765547006}, "wf_name": "Epigenomics_24", "heft": {"Avr": 8038.16090155481, "Max": 17446.474745191543, "Min": 5857.412000000001}}{"profit_by_avr": [5.663258526819515, 41.428988814648584, 44.74601659984741], "ga": {"Avr": 15793.544644181567, "Max": 28022.948815101303, "Min": 11656.80666666667}, "wf_name": "Epigenomics_46", "heft": {"Avr": 14899.115380432908, "Max": 21539.97947013403, "Min": 11549.012}}{"profit_by_avr": [8.410278989725327, 38.3842300294738, 43.56628818566245], "ga": {"Avr": 139814.5619778078, "Max": 201940.4800905959, "Min": 111234.25825552123}, "wf_name": "Epigenomics_100", "heft": {"Avr": 128055.76724721174, "Max": 163899.9507996376, "Min": 110325.73174077964}}{"profit_by_avr": [8.03764979651751, 35.73881120781138, 40.903900518006466], "ga": {"Avr": 2595.4069477554985, "Max": 4154.009043964492, "Min": 1906.6333333333334}, "wf_name": "Inspiral_30", "heft": {"Avr": 2386.7972265004273, "Max": 3183.8532710482864, "Min": 1917.3983484334597}}{"profit_by_avr": [12.05853845918734, 36.0123702213635, 43.728343167342786], "ga": {"Avr": 4435.610463991471, "Max": 5886.908613088898, "Min": 3274.3465232888284}, "wf_name": "Inspiral_50", "heft": {"Avr": 3900.7406702913217, "Max": 4875.91514475351, "Min": 3282.204}}{"profit_by_avr": [13.559952667270592, 38.787863200795854, 47.088199977392854], "ga": {"Avr": 7674.432759950113, "Max": 11252.264902451627, "Min": 6310.547521207395}, "wf_name": "Inspiral_100", "heft": {"Avr": 6633.78331021937, "Max": 7467.70161663604, "Min": 5820.771508946813}}{"profit_by_avr": [0.5300576858714212, 22.964944049805634, 23.373274284684985], "ga": {"Avr": 3685.2391168681042, "Max": 7840.027594550687, "Min": 2939.2822}, "wf_name": "Sipht_30", "heft": {"Avr": 3665.7052236864047, "Max": 6051.5562219949115, "Min": 2939.2822}}{"profit_by_avr": [11.379239919743146, 29.25682696535613, 37.30686235180729], "ga": {"Avr": 5174.395999298122, "Max": 10232.865284839927, "Min": 3687.6201733333337}, "wf_name": "Sipht_60", "heft": {"Avr": 4585.589064140398, "Max": 9350.697765412246, "Min": 3687.6201733333337}}{"profit_by_avr": [8.858108505564665, 33.51168291685644, 39.40129018760518], "ga": {"Avr": 6864.623533068926, "Max": 11913.898309256754, "Min": 5379.4464698078955}, "wf_name": "Sipht_100", "heft": {"Avr": 6256.547732011154, "Max": 8142.705680994311, "Min": 5059.368713897924}}