{"heft": {"Max": 8894.895665450325, "Avr": 6319.250078029503, "Min": 5849.473333333334}, "ga": {"Max": 9304.966504100734, "Avr": 6130.930767821497, "Min": 5852.6426666666675}, "wf_name": "Epigenomics_24", "profit_by_avr": -3.0716267617375337}