{"wf_name": "Epigenomics_24", "profit_by_avr": 0.8572525813660747, "ga": {"Min": 5852.6426666666675, "Max": 9033.174457588728, "Avr": 6255.327565779626}, "heft": {"Min": 5852.620000000001, "Max": 8613.424274326087, "Avr": 6201.703608749076}}