{"profit_by_avr": 17.035072000488594, "heft": {"Max": 497.05588598633165, "Min": 254.03199999999998, "Avr": 275.1331313354385}, "cloud_heft": {"Max": 301.174, "Min": 199.93093333333337, "Avr": 228.26400431524772}, "wf_name": "generated\\CyberShake_70"}