{"wf_name": "Sipht_30", "profit_by_avr": 1.5398768838638777, "heft": {"Min": 2939.2822, "Avr": 3049.807266725835, "Max": 4431.083823741887}, "ga": {"Min": 2939.2822, "Avr": 3097.505030669637, "Max": 5880.7294928071}}