{"cloud_heft": {"Min": 418.74848384486296, "Avr": 492.75109734819614, "Max": 623.1330786882187}, "profit_by_avr": 41.68029996126854, "wf_name": "CyberShake_75", "heft": {"Min": 597.2563227181978, "Avr": 844.9136347082525, "Max": 1253.6957263947738}}{"cloud_heft": {"Min": 206.01655835660628, "Avr": 286.0429692655321, "Max": 430.2848125882967}, "profit_by_avr": 44.31270701658177, "wf_name": "Montage_75", "heft": {"Min": 375.0825359629582, "Avr": 513.6593178460047, "Max": 725.7434009935324}}{"cloud_heft": {"Min": 32229.598652743076, "Avr": 49001.2342219563, "Max": 67003.59453458161}, "profit_by_avr": 42.54609688372351, "wf_name": "Epigenomics_72", "heft": {"Min": 72032.19274081019, "Avr": 85287.91181129418, "Max": 107552.79115798883}}{"cloud_heft": {"Min": 2297.755772407672, "Avr": 2772.131364275185, "Max": 3673.9719124626668}, "profit_by_avr": 40.21716312939401, "wf_name": "Inspiral_72", "heft": {"Min": 4071.21721104426, "Avr": 4637.002038352894, "Max": 5257.181510394017}}{"cloud_heft": {"Min": 2414.7759700000006, "Avr": 2910.1845093564525, "Max": 4785.332628578326}, "profit_by_avr": 28.13570456962632, "wf_name": "Sipht_73", "heft": {"Min": 3027.6924666666664, "Avr": 4049.5554738667256, "Max": 6272.646421779477}}