{"profit_by_avr": -0.29677467228723664, "wf_name": "Epigenomics_24", "heft": {"Min": 5849.473333333334, "Avr": 6285.402530616364, "Max": 9604.724052521047}, "ga": {"Min": 5852.6426666666675, "Avr": 6266.804242861728, "Max": 12576.72583577686}}