{"profit_by_avr": 16.36228649833421, "wf_name": "generated\\CyberShake_70", "heft": {"Avr": 273.33805190031853, "Min": 254.03199999999998, "Max": 437.27819792947497}, "cloud_heft": {"Avr": 228.61369673942295, "Min": 202.43379999999996, "Max": 272.8843449208057}}