{"cloud_heft": {"Min": 3265.1567086666673, "Avr": 3699.6890910121288, "Max": 4660.921572}, "wf_name": "Sipht_79", "heft": {"Min": 4735.640533333333, "Avr": 4988.280744201472, "Max": 6215.791954945561}, "profit_by_avr": 25.832380318353998}