{"heft": {"Max": 644.6265008205767, "Min": 244.8306666666667, "Avr": 386.755913251593}, "profit_by_avr": 41.16350579491864, "cloud_heft": {"Max": 417.73924994113776, "Min": 181.85733333333334, "Avr": 227.55362048808297}, "wf_name": "generated\\CyberShake_30"}{"heft": {"Max": 726.2266792290197, "Min": 246.8373333333333, "Avr": 384.8673492033648}, "profit_by_avr": 39.53967116837275, "cloud_heft": {"Max": 449.08887190684254, "Min": 176.82733333333334, "Avr": 232.69206489392153}, "wf_name": "generated\\CyberShake_40"}{"heft": {"Max": 709.8802411590949, "Min": 271.25066666666663, "Avr": 408.3666109670502}, "profit_by_avr": 40.96095419796004, "cloud_heft": {"Max": 470.18741975596157, "Min": 194.86666666666665, "Avr": 241.09575048907507}, "wf_name": "generated\\CyberShake_50"}{"heft": {"Max": 782.0226444331305, "Min": 240.58533333333332, "Avr": 380.6874438510538}, "profit_by_avr": 40.62254817966734, "cloud_heft": {"Max": 427.161105732679, "Min": 177.47133333333338, "Avr": 226.04250355871542}, "wf_name": "generated\\CyberShake_60"}{"heft": {"Max": 700.8595381940244, "Min": 246.75733333333332, "Avr": 387.0596798016776}, "profit_by_avr": 40.6164473251427, "cloud_heft": {"Max": 416.9600701883817, "Min": 181.26233333333334, "Avr": 229.8497888381632}, "wf_name": "generated\\CyberShake_65"}{"heft": {"Max": 867.9074357220695, "Min": 256.348, "Avr": 403.59854560989544}, "profit_by_avr": 38.20976676372817, "cloud_heft": {"Max": 417.6806956552032, "Min": 197.374, "Avr": 249.38448267055534}, "wf_name": "generated\\CyberShake_70"}{"heft": {"Max": 755.2308356115238, "Min": 265.0733333333334, "Avr": 408.95324418339493}, "profit_by_avr": 39.18691531690433, "cloud_heft": {"Max": 382.3464690991455, "Min": 202.32900000000004, "Avr": 248.69708269951497}, "wf_name": "generated\\CyberShake_75"}{"heft": {"Max": 762.0387122232227, "Min": 249.33599999999998, "Avr": 393.48219379894954}, "profit_by_avr": 40.494250650157625, "cloud_heft": {"Max": 344.78444990501043, "Min": 190.50266666666664, "Avr": 234.1445279782639}, "wf_name": "generated\\CyberShake_80"}{"heft": {"Max": 758.0689060705007, "Min": 239.95466666666667, "Avr": 372.44013463066676}, "profit_by_avr": 39.80064956670872, "cloud_heft": {"Max": 407.42530819563086, "Min": 180.2140666666667, "Avr": 224.2065418005369}, "wf_name": "generated\\CyberShake_90"}{"heft": {"Max": 918.2085908673215, "Min": 300.84, "Avr": 453.2135192141167}, "profit_by_avr": 38.47836918054781, "cloud_heft": {"Max": 504.95375401142167, "Min": 216.29000000000002, "Avr": 278.8243481147559}, "wf_name": "generated\\CyberShake_100"}