{"wf_name": "Epigenomics_24", "ga": {"Min": 5852.6426666666675, "Avr": 6194.095509890665, "Max": 8643.349119645762}, "heft": {"Min": 5849.473333333334, "Avr": 6326.401828937067, "Max": 9166.213333333331}, "profit_by_avr": -2.1360070866704772}