{"ga": {"Avr": 5674.988693571309, "Max": 11892.682819771822, "Min": 3252.2967894171293}, "profit_by_avr": [9.492443468901024, 36.78278847711203, 42.78364654353774], "heft": {"Avr": 5136.293599967528, "Max": 10262.3649134593, "Min": 3032.8567999999996}, "wf_name": "Sipht_73"}