{"heft": {"Max": 309.868, "Min": 228.4413333333333, "Avr": 243.2792701202847}, "cloud_heft": {"Max": 258.68175588668817, "Min": 106.63921608946303, "Avr": 165.01639126027473}, "profit_by_avr": 32.16997437607998, "wf_name": "CyberShake_30"}