{"profit_by_avr": 0.3883835031231353, "wf_name": "CyberShake_30", "heft": {"Min": 360.21275057745993, "Avr": 665.4669444654614, "Max": 1020.322033268154}, "cloud_heft": {"Min": 370.86375878324395, "Avr": 662.88238063442, "Max": 1068.412226561506}}