{"heft": {"Max": 415.74896085185804, "Min": 228.4413333333333, "Avr": 248.90140027872837}, "cloud_heft": {"Max": 318.21466666666674, "Min": 199.64933333333335, "Avr": 224.92498070458987}, "wf_name": "CyberShake_30", "profit_by_avr": 9.63289862864929}