{"profit_by_avr": 17.781819167303013, "wf_name": "CyberShake_30", "heft": {"Min": 228.4413333333333, "Avr": 243.72754122532743, "Max": 376.7906666666667}, "cloud_heft": {"Min": 184.33233333333334, "Avr": 200.3883505837258, "Max": 225.3330635816336}}{"profit_by_avr": 26.952883223978972, "wf_name": "CyberShake_50", "heft": {"Min": 410.45866666666666, "Avr": 436.13049692738934, "Max": 498.09712312254163}, "cloud_heft": {"Min": 277.9052000000001, "Avr": 318.5807533863909, "Max": 378.8031333333333}}{"profit_by_avr": 25.30346706978178, "wf_name": "CyberShake_100", "heft": {"Min": 811.574662269589, "Avr": 872.9453613006657, "Max": 970.9301410413768}, "cloud_heft": {"Min": 553.0093333333333, "Avr": 652.0599192667642, "Max": 745.4913999999999}}{"profit_by_avr": 21.802770601473387, "wf_name": "Montage_25", "heft": {"Min": 83.25200000000001, "Avr": 97.42768798850622, "Max": 138.19733333333332}, "cloud_heft": {"Min": 68.06966666666668, "Avr": 76.18575267405296, "Max": 94.3136}}{"profit_by_avr": 19.890584905124918, "wf_name": "Montage_50", "heft": {"Min": 157.03999999999996, "Avr": 182.54253942727956, "Max": 239.34804844439708}, "cloud_heft": {"Min": 126.4726666666667, "Avr": 146.2337606345254, "Max": 181.0770024669393}}{"profit_by_avr": 23.711594402315296, "wf_name": "Montage_100", "heft": {"Min": 308.4080630871445, "Avr": 368.56666931317653, "Max": 454.41906251624835}, "cloud_heft": {"Min": 236.84733333333335, "Avr": 281.17363558351343, "Max": 326.38946666666675}}{"profit_by_avr": 13.17455679021171, "wf_name": "Epigenomics_24", "heft": {"Min": 5859.261333333334, "Avr": 6325.929738616054, "Max": 9415.841927671498}, "cloud_heft": {"Min": 3755.459666666667, "Avr": 5492.516532693191, "Max": 7854.01075616896}}{"profit_by_avr": 21.707468150652154, "wf_name": "Epigenomics_46", "heft": {"Min": 11513.881049794281, "Avr": 12494.339747403901, "Max": 15610.007934869769}, "cloud_heft": {"Min": 7940.899333333335, "Avr": 9782.134926101926, "Max": 13005.628582003086}}{"profit_by_avr": 24.836696552307323, "wf_name": "Epigenomics_100", "heft": {"Min": 106466.6030683104, "Avr": 110329.27763579426, "Max": 122087.04939788413}, "cloud_heft": {"Min": 67884.64349430327, "Avr": 82927.12974103937, "Max": 99399.81700914544}}{"profit_by_avr": 21.998488562851314, "wf_name": "Inspiral_30", "heft": {"Min": 1892.8466666666666, "Avr": 1996.1442365935854, "Max": 2486.170869888388}, "cloud_heft": {"Min": 1301.2755906388902, "Avr": 1557.0226750085299, "Max": 1938.764466666667}}{"profit_by_avr": 22.045181197767093, "wf_name": "Inspiral_50", "heft": {"Min": 3130.5533333333333, "Avr": 3278.747961375523, "Max": 3669.213333333333}, "cloud_heft": {"Min": 2232.405666666667, "Avr": 2555.9420322721944, "Max": 2911.621}}{"profit_by_avr": 23.31918002045098, "wf_name": "Inspiral_100", "heft": {"Min": 5382.240000000001, "Avr": 5548.677330069145, "Max": 5919.060333261807}, "cloud_heft": {"Min": 3903.565466666667, "Avr": 4254.771274716368, "Max": 4701.480833434227}}{"profit_by_avr": 6.892037722022948, "wf_name": "Sipht_30", "heft": {"Min": 2939.2822, "Avr": 3060.1243968518565, "Max": 4675.691718143102}, "cloud_heft": {"Min": 2677.99976, "Avr": 2849.2194690799993, "Max": 2988.163216666667}}{"profit_by_avr": 16.79447373982552, "wf_name": "Sipht_60", "heft": {"Min": 3687.6201733333337, "Avr": 3832.2347008282713, "Max": 5444.082548967297}, "cloud_heft": {"Min": 2790.384006666666, "Avr": 3188.6310503491864, "Max": 4330.376150251844}}{"profit_by_avr": 18.72364711015183, "wf_name": "Sipht_100", "heft": {"Min": 5046.514623417592, "Avr": 5210.104310653822, "Max": 6574.101172795339}, "cloud_heft": {"Min": 3688.206778666666, "Avr": 4234.582765456192, "Max": 5020.937024666666}}