{"wf_name": "CyberShake_30", "profit_by_avr": 30.861584344389037, "heft": {"Min": 244.95999999999998, "Avr": 348.3059586110459, "Max": 618.6095368682892}, "ga": {"Min": 269.7762174469699, "Avr": 503.78064829545883, "Max": 815.8455273900445}}