{"wf_name": "CyberShake_30", "profit_by_avr": 34.28321323450307, "heft": {"Min": 274.0733333333333, "Avr": 504.7769727817072, "Max": 903.1804632506772}, "ga": {"Min": 391.13264371816217, "Avr": 768.1096377748167, "Max": 1417.622298771212}}