{"wf_name": "CyberShake_30", "profit_by_avr": 32.03131774756059, "ga": {"Min": 433.07333005110314, "Max": 1379.7784884468078, "Avr": 752.5965146029059}, "heft": {"Min": 354.59971125477546, "Max": 823.3802216962927, "Avr": 511.52993365338284}}