{"wf_name": "CyberShake_30", "heft": {"Min": 417.13127050612053, "Max": 983.8927146468915, "Avr": 635.2369381119896}, "profit_by_avr": 19.83635565808475, "ga": {"Min": 446.5704730338364, "Max": 1225.1555317358727, "Avr": 792.4252238365897}}