{"ga": {"Min": 306.6360342541101, "Avr": 517.8899844783233, "Max": 841.1716321308496}, "wf_name": "CyberShake_30", "heft": {"Min": 237.98852979524267, "Avr": 373.0294722867238, "Max": 750.9163486556386}, "profit_by_avr": 27.97129053142806}