{"ga": {"Min": 1879.1372106497302, "Avr": 2498.894826144863, "Max": 3812.734545188011}, "wf_name": "CyberShake_100", "heft": {"Min": 1406.905833643969, "Avr": 1763.712094493036, "Max": 2291.819812453054}, "profit_by_avr": 29.420315091292604}