{"ga": {"Max": 1037.7745021557712, "Avr": 520.2646518874726, "Min": 269.649875048406}, "heft": {"Max": 1432.6679999999997, "Avr": 523.801120809821, "Min": 324.333701123838}, "wf_name": "CyberShake_30", "profit_by_avr": -0.6797442243132279}