{"heft": {"Max": 800.0286485732365, "Avr": 512.2511614677649, "Min": 299.0810708971966}, "profit_by_avr": 52.98189059796088, "wf_name": "CyberShake_30", "cloud_heft": {"Max": 370.42204147447086, "Avr": 240.85081151212978, "Min": 190.9207741625718}}{"heft": {"Max": 1207.016416337297, "Avr": 869.9400320704685, "Min": 639.2950612393902}, "profit_by_avr": 54.38736067171004, "wf_name": "CyberShake_50", "cloud_heft": {"Max": 614.3310506929965, "Avr": 396.8026092007129, "Min": 302.5768000000001}}{"heft": {"Max": 2314.670387867936, "Avr": 1794.5814750540094, "Min": 1447.8721221241872}, "profit_by_avr": 55.07039913629504, "wf_name": "CyberShake_100", "cloud_heft": {"Max": 1095.3022606282846, "Avr": 806.2982939157555, "Min": 641.8764620131757}}{"heft": {"Max": 527.7168098018765, "Avr": 265.05540703327335, "Min": 118.74533333333333}, "profit_by_avr": 59.18884834762884, "wf_name": "Montage_25", "cloud_heft": {"Max": 185.94124315547288, "Avr": 108.17216412715884, "Min": 67.00093333333334}}{"heft": {"Max": 845.1333587181668, "Avr": 545.5587094438512, "Min": 366.44698436430974}, "profit_by_avr": 57.969344081786886, "wf_name": "Montage_50", "cloud_heft": {"Max": 409.63405864073184, "Avr": 229.30190399818915, "Min": 149.56049732064827}}{"heft": {"Max": 1425.5971892714167, "Avr": 1107.1811283616487, "Min": 745.6670356639676}, "profit_by_avr": 56.32096153456511, "wf_name": "Montage_100", "cloud_heft": {"Max": 819.8596226633083, "Avr": 483.6060709391206, "Min": 336.9434717404425}}{"heft": {"Max": 20460.894376037784, "Avr": 9099.195539588261, "Min": 5916.737508669254}, "profit_by_avr": 45.2304461639123, "wf_name": "Epigenomics_24", "cloud_heft": {"Max": 9329.351388387337, "Avr": 4983.588799705684, "Min": 3492.28015421694}}{"heft": {"Max": 23582.13383812888, "Avr": 16631.070058344998, "Min": 12375.373351980024}, "profit_by_avr": 47.254337835296354, "wf_name": "Epigenomics_46", "cloud_heft": {"Max": 17269.792900304452, "Avr": 8772.168027349833, "Min": 5348.570996291199}}{"heft": {"Max": 188863.0389627218, "Avr": 147375.8578441411, "Min": 117925.33271370598}, "profit_by_avr": 46.60341318707609, "wf_name": "Epigenomics_100", "cloud_heft": {"Max": 107401.95459370452, "Avr": 78693.67787503813, "Min": 56827.428346877794}}{"heft": {"Max": 4396.906214875507, "Avr": 2866.273973883477, "Min": 1952.3111539140994}, "profit_by_avr": 44.169452798036524, "wf_name": "Inspiral_30", "cloud_heft": {"Max": 2466.3767055790686, "Avr": 1600.256443926609, "Min": 1173.2037333333335}}{"heft": {"Max": 6261.20950084456, "Avr": 4660.156131035197, "Min": 3544.292498295118}, "profit_by_avr": 42.148859160548405, "wf_name": "Inspiral_50", "cloud_heft": {"Max": 5055.62191920303, "Avr": 2695.9534867035104, "Min": 1937.8451904912747}}{"heft": {"Max": 10304.146374156519, "Avr": 7755.512482400769, "Min": 6591.284871855726}, "profit_by_avr": 44.75667695388484, "wf_name": "Inspiral_100", "cloud_heft": {"Max": 6194.963130767515, "Avr": 4284.402814534442, "Min": 3466.781509236236}}{"heft": {"Max": 6662.917422835865, "Avr": 4002.437467239867, "Min": 2939.2822}, "profit_by_avr": 28.253389814634478, "wf_name": "Sipht_30", "cloud_heft": {"Max": 5707.189759488989, "Avr": 2871.6132075336045, "Min": 2471.0951766666667}}{"heft": {"Max": 9077.022522596411, "Avr": 5325.873823661537, "Min": 3692.3556533333335}, "profit_by_avr": 35.89637933371556, "wf_name": "Sipht_60", "cloud_heft": {"Max": 7017.351917778238, "Avr": 3414.077953084931, "Min": 2703.0851066666664}}{"heft": {"Max": 12702.463000980879, "Avr": 7256.293600087695, "Min": 5083.379800000001}, "profit_by_avr": 37.76354787403277, "wf_name": "Sipht_100", "cloud_heft": {"Max": 7401.86217393685, "Avr": 4516.059692538202, "Min": 3528.060136670469}}