{"heft": {"Avr": 359.60951385836626, "Max": 525.714262161361, "Min": 249.2169782306869}, "ga": {"Avr": 540.8028620899735, "Max": 882.0514585858753, "Min": 289.414486904565}, "profit_by_avr": 33.504509856211165, "wf_name": "CyberShake_30"}