{"heft": {"Max": 925.7476023607721, "Avr": 517.5296383805055, "Min": 301.4436263376565}, "wf_name": "CyberShake_30", "profit_by_avr": 31.674572855017978, "ga": {"Max": 1215.7081790226962, "Avr": 757.4480833941103, "Min": 358.2598911885601}}