{"profit_by_avr": 34.33413094630507, "wf_name": "CyberShake_30", "ga": {"Min": 373.0091303068234, "Avr": 772.7699438757616, "Max": 1469.171377884915}, "heft": {"Min": 293.6815935982606, "Avr": 507.4460994317693, "Max": 741.9744959908242}}