{"heft": {"Max": 575.1061229780416, "Min": 247.18800000000002, "Avr": 364.9066999337199}, "wf_name": "CyberShake_30", "profit_by_avr": 29.80999641755243, "ga": {"Max": 850.3279304961106, "Min": 296.19868491987745, "Avr": 519.8841449054609}}