{"wf_name": "CyberShake_30", "profit_by_avr": 13.437796819247827, "heft": {"Min": 228.4413333333333, "Avr": 245.7914153182304, "Max": 381.1266666666666}, "ga": {"Min": 229.54399999999995, "Avr": 283.94773502355145, "Max": 416.7414400267793}}