{"heft": {"Max": 1437.194666666666, "Avr": 517.9618112015941, "Min": 321.50878053725404}, "ga": {"Max": 846.1657571077824, "Avr": 506.7733421665812, "Min": 356.369266241491}, "wf_name": "CyberShake_30", "profit_by_avr": -2.207785631970971}