{"heft": {"Max": 355.9572425782924, "Min": 223.20799999999997, "Avr": 246.27664079610776}, "profit_by_avr": 14.064497426124078, "ga": {"Max": 502.44351465088937, "Min": 223.20799999999997, "Avr": 286.58311573193146}, "wf_name": "CyberShake_30"}