{"ga": {"Max": 1478.5281743908106, "Avr": 738.8195638426095, "Min": 449.23714516583095}, "heft": {"Max": 698.3206689983599, "Avr": 497.5968220221216, "Min": 302.12831588508305}, "wf_name": "CyberShake_30", "profit_by_avr": 32.64975017254355}