{"profit_by_avr": 36.722601038737004, "wf_name": "CyberShake_30", "heft": {"Min": 325.7478793371512, "Avr": 505.9930077234676, "Max": 812.145918619027}, "ga": {"Min": 433.7597035322153, "Avr": 799.6425517319781, "Max": 1367.5912872786812}}