{"heft": {"Max": 1195.7068483861028, "Avr": 894.8605286489532, "Min": 619.8090227972652}, "wf_name": "CyberShake_50", "ga": {"Max": 2111.909267604529, "Avr": 1324.5847558106516, "Min": 786.8142157008756}, "profit_by_avr": 32.44218426013104}