{"heft": {"Max": 605.7793265952997, "Avr": 377.33234704790925, "Min": 242.08980469800628}, "wf_name": "CyberShake_30", "profit_by_avr": 29.94440838072212, "ga": {"Max": 975.8768749184151, "Avr": 538.6184576079935, "Min": 289.51552769977206}}