{"heft": {"Max": 368.5292182359301, "Min": 229.08666666666662, "Avr": 269.69219339005235}, "cloud_heft": {"Max": 371.20590675827617, "Min": 203.37013376946743, "Avr": 248.26741647997235}, "profit_by_avr": 7.9441590951405905, "wf_name": "CyberShake_30"}