{"profit_by_avr": 2.3289204006326836, "heft": {"Max": 1030.7239059088272, "Avr": 663.2493321607726, "Min": 387.76116062464286}, "cloud_heft": {"Max": 959.2131622206846, "Avr": 647.8027831570204, "Min": 359.93389776155595}, "wf_name": "CyberShake_30"}