{"wf_name": "CyberShake_30", "cloud_heft": {"Min": 767.096205856501, "Max": 767.096205856501, "Avr": 767.096205856501}, "profit_by_avr": -30.729476054621465, "heft": {"Min": 586.7813663813603, "Max": 586.7813663813603, "Avr": 586.7813663813603}}