{"cloud_heft": {"Max": 462.2543138682235, "Avr": 249.08369622384805, "Min": 197.2161913405288}, "heft": {"Max": 445.1798067880837, "Avr": 270.8059871342992, "Min": 228.4413333333333}, "wf_name": "CyberShake_30", "profit_by_avr": 8.021348102499125}