{"profit_by_avr": -3.313480738926322, "wf_name": "CyberShake_30", "heft": {"Avr": 638.0235045345221, "Min": 360.9895775651545, "Max": 1069.0441106028554}, "cloud_heft": {"Avr": 659.1642904670962, "Min": 382.9422563249408, "Max": 1142.1311382907966}}