{"cloud_heft": {"Max": 657.6253100360509, "Avr": 657.6253100360509, "Min": 657.6253100360509}, "heft": {"Max": 609.4046914671351, "Avr": 609.4046914671351, "Min": 609.4046914671351}, "wf_name": "CyberShake_30", "profit_by_avr": -7.912741605717732}