{"profit_by_avr": -21.354955586570036, "wf_name": "CyberShake_30", "heft": {"Avr": 716.8192013547948, "Min": 716.8192013547948, "Max": 716.8192013547948}, "cloud_heft": {"Avr": 869.8956234401172, "Min": 869.8956234401172, "Max": 869.8956234401172}}