{"profit_by_avr": 5.982464981257607, "wf_name": "CyberShake_30", "cloud_heft": {"Avr": 229.47837342818522, "Min": 195.3765102056726, "Max": 291.9386334900148}, "heft": {"Avr": 244.08039774967372, "Min": 228.4413333333333, "Max": 350.68399999999997}}