{"wf_name": "CyberShake_30", "cloud_heft": {"Min": 120.58714952007976, "Avr": 203.620106255599, "Max": 404.2357231918643}, "heft": {"Min": 228.4413333333333, "Avr": 275.05499551694754, "Max": 425.00848552053384}, "profit_by_avr": 25.971129565231642}