{"heft": {"Max": 775.5589776725863, "Min": 775.5589776725863, "Avr": 775.5589776725863}, "cloud_heft": {"Max": 374.40107033766503, "Min": 374.40107033766503, "Avr": 374.40107033766503}, "wf_name": "CyberShake_30", "profit_by_avr": 51.72500336966972}