{"profit_by_avr": -15.974025616587074, "cloud_heft": {"Min": 673.5278052406846, "Avr": 673.5278052406846, "Max": 673.5278052406846}, "wf_name": "CyberShake_30", "heft": {"Min": 580.7574598362083, "Avr": 580.7574598362083, "Max": 580.7574598362083}}