{"heft": {"Max": 544.582133824138, "Avr": 544.582133824138, "Min": 544.582133824138}, "wf_name": "CyberShake_30", "profit_by_avr": -56.26034042627994, "cloud_heft": {"Max": 850.9658962142976, "Avr": 850.9658962142976, "Min": 850.9658962142976}}