{"profit_by_avr": -31.66441941412628, "cloud_heft": {"Avr": 692.2115033179316, "Max": 692.2115033179316, "Min": 692.2115033179316}, "heft": {"Avr": 525.7392288653986, "Max": 525.7392288653986, "Min": 525.7392288653986}, "wf_name": "CyberShake_30"}