{"cloud_heft": {"Min": 772.1253276777112, "Avr": 772.1253276777112, "Max": 772.1253276777112}, "wf_name": "CyberShake_30", "heft": {"Min": 502.2662499432683, "Avr": 502.2662499432683, "Max": 502.2662499432683}, "profit_by_avr": -53.728292069181215}