{"profit_by_avr": -1.6698867063291045, "wf_name": "CyberShake_30", "cloud_heft": {"Min": 228.4413333333333, "Avr": 248.29400104413787, "Max": 383.7419050098361}, "heft": {"Min": 228.4413333333333, "Avr": 244.2158726519769, "Max": 376.904914495191}}