{"heft": {"Max": 535.3487990973684, "Min": 231.53466666666662, "Avr": 332.33580507321307}, "cloud_heft": {"Max": 416.89855635153333, "Min": 107.31733133393045, "Avr": 193.98254381882143}, "profit_by_avr": 41.63056136064323, "wf_name": "CyberShake_30"}