{"wf_name": "CyberShake_50", "profit_by_avr": 36.02315507972151, "heft": {"Avr": 482.2235754098014, "Min": 410.58666666666664, "Max": 641.5158262781321}, "cloud_heft": {"Avr": 308.5114290089508, "Min": 163.25341979758224, "Max": 634.0210984928812}}