{"cloud_heft": {"Max": 349.6018486287874, "Avr": 250.22050515236194, "Min": 199.73158809437092}, "heft": {"Max": 431.25205685762455, "Avr": 272.401983412909, "Min": 228.4413333333333}, "wf_name": "CyberShake_30", "profit_by_avr": 8.142920981204526}