{"cloud_heft": {"Min": 458.95883641909893, "Avr": 458.95883641909893, "Max": 458.95883641909893}, "wf_name": "CyberShake_30", "heft": {"Min": 718.7849316659714, "Avr": 718.7849316659714, "Max": 718.7849316659714}, "profit_by_avr": 36.14796078775021}