{"wf_name": "CyberShake_30", "heft": {"Min": 394.44273192669834, "Max": 1100.6324341246273, "Avr": 655.7228456652674}, "profit_by_avr": 69.55562017929081, "cloud_heft": {"Min": 118.50070043811392, "Max": 409.3077517681228, "Avr": 199.63075370549674}}