{"cloud_heft": {"Max": 342.836, "Avr": 244.92936267534662, "Min": 228.4413333333333}, "heft": {"Max": 350.2205880854029, "Avr": 246.46910715927368, "Min": 228.4413333333333}, "wf_name": "CyberShake_30", "profit_by_avr": 0.6247210864167352}