{"heft": {"Avr": 635.4119790566779, "Max": 963.9981812136065, "Min": 401.91171653030887}, "profit_by_avr": 60.33737730004998, "wf_name": "CyberShake_30", "cloud_heft": {"Avr": 252.02105584353558, "Max": 371.1652349554146, "Min": 194.73409506662043}}