{"heft": {"Max": 446.937457584053, "Min": 446.937457584053, "Avr": 446.937457584053}, "cloud_heft": {"Max": 930.6970124157906, "Min": 930.6970124157906, "Avr": 930.6970124157906}, "wf_name": "CyberShake_30", "profit_by_avr": -108.23875838170483}