{"cloud_heft": {"Min": 494.121578457596, "Avr": 494.121578457596, "Max": 494.121578457596}, "wf_name": "CyberShake_30", "heft": {"Min": 766.9337272582691, "Avr": 766.9337272582691, "Max": 766.9337272582691}, "profit_by_avr": 35.57180224371618}