{"wf_name": "CyberShake_30", "profit_by_avr": 0.01746635641076688, "heft": {"Min": 228.4413333333333, "Avr": 246.8503238183261, "Max": 357.48279445968774}, "cloud_heft": {"Min": 228.4413333333333, "Avr": 246.80720806096687, "Max": 342.724}}