{"heft": {"Max": 457.8328141699252, "Min": 457.8328141699252, "Avr": 457.8328141699252}, "cloud_heft": {"Max": 547.2310845525544, "Min": 547.2310845525544, "Avr": 547.2310845525544}, "wf_name": "CyberShake_30", "profit_by_avr": -19.526400820507583}