{"heft": {"Max": 407.20799999999997, "Min": 228.4413333333333, "Avr": 268.16998140483776}, "profit_by_avr": 26.10764148850847, "cloud_heft": {"Max": 367.55917120148933, "Min": 111.80801942294902, "Avr": 198.15712407986288}, "wf_name": "CyberShake_30"}