{"profit_by_avr": 9.242594279705596, "heft": {"Min": 228.4413333333333, "Avr": 327.5072643810038, "Max": 540.0103911315197}, "wf_name": "CyberShake_30", "cloud_heft": {"Min": 210.63333333333333, "Avr": 297.2370966977048, "Max": 493.7764739322072}}