{"profit_by_avr": 2.351533597394073, "wf_name": "CyberShake_30", "heft": {"Max": 1208.8440890095628, "Avr": 660.7281904573733, "Min": 365.5226057157386}, "cloud_heft": {"Max": 1146.347049665337, "Avr": 645.1909450713143, "Min": 352.8564752844897}}