{"profit_by_avr": 0.1642666968453277, "heft": {"Min": 389.2695315887768, "Avr": 664.4498771061983, "Max": 1186.8874959870147}, "wf_name": "CyberShake_30", "cloud_heft": {"Min": 398.75311852033207, "Avr": 663.3584072408831, "Max": 1148.533882763088}}