{"profit_by_avr": 7.066289674695858, "wf_name": "CyberShake_30", "cloud_heft": {"Avr": 300.0648813840377, "Min": 199.7299039437644, "Max": 567.8060605071736}, "heft": {"Avr": 322.8805568331382, "Min": 228.4413333333333, "Max": 519.600053395653}}