{"profit_by_avr": 32.17039179651947, "heft": {"Min": 879.7784954249869, "Avr": 879.7784954249869, "Max": 879.7784954249869}, "wf_name": "CyberShake_30", "cloud_heft": {"Min": 596.7503065052445, "Avr": 596.7503065052445, "Max": 596.7503065052445}}