{"heft": {"Max": 479.2645422433287, "Min": 228.4413333333333, "Avr": 329.2946208939145}, "cloud_heft": {"Max": 433.6818669347099, "Min": 195.40785009446216, "Avr": 296.43916830250345}, "profit_by_avr": 9.977524838462436, "wf_name": "CyberShake_30"}