{"cloud_heft": {"Min": 576.5617324899351, "Avr": 576.5617324899351, "Max": 576.5617324899351}, "profit_by_avr": 37.74070451988953, "wf_name": "CyberShake_30", "heft": {"Min": 926.0653016449972, "Avr": 926.0653016449972, "Max": 926.0653016449972}}