{"profit_by_avr": 7.515253798819577, "wf_name": "CyberShake_30", "heft": {"Min": 387.7166394525703, "Avr": 675.0623877619962, "Max": 1053.7762206359496}, "cloud_heft": {"Min": 303.84118932404135, "Avr": 624.3297360213106, "Max": 1023.3752596514898}}