{"wf_name": "CyberShake_30", "profit_by_avr": 6.054750191453007, "heft": {"Avr": 248.42060472079646, "Min": 228.4413333333333, "Max": 432.64904936789355}, "cloud_heft": {"Avr": 233.37935768085532, "Min": 203.45933920945868, "Max": 330.22724475683634}}