{"heft": {"Max": 761.872143401317, "Min": 761.872143401317, "Avr": 761.872143401317}, "cloud_heft": {"Max": 1037.491226965761, "Min": 1037.491226965761, "Avr": 1037.491226965761}, "wf_name": "CyberShake_30", "profit_by_avr": -36.17655350069169}