{"cloud_heft": {"Min": 228.4413333333333, "Avr": 248.8056662880581, "Max": 362.9438539716225}, "profit_by_avr": -1.8111983015040911, "wf_name": "CyberShake_30", "heft": {"Min": 228.4413333333333, "Avr": 244.3794694874762, "Max": 338.304}}