{"profit_by_avr": 14.211483970356642, "wf_name": "CyberShake_30", "heft": {"Max": 763.3180368851389, "Avr": 763.3180368851389, "Min": 763.3180368851389}, "cloud_heft": {"Max": 654.8392164303664, "Avr": 654.8392164303664, "Min": 654.8392164303664}}