{"cloud_heft": {"Min": 199.639831041955, "Avr": 227.96913801912135, "Max": 334.79999999999995}, "wf_name": "CyberShake_30", "heft": {"Min": 228.4413333333333, "Avr": 249.9369302680492, "Max": 346.5912514204977}, "profit_by_avr": 8.78933426339521}