{"heft": {"Avr": 574.7788401654142, "Max": 574.7788401654142, "Min": 574.7788401654142}, "cloud_heft": {"Avr": 846.0147727325264, "Max": 846.0147727325264, "Min": 846.0147727325264}, "profit_by_avr": -47.18961687752004, "wf_name": "CyberShake_30"}